id,file,emg_nom_fs,emg_eff_fs,emg_dur_s,emg_pct_valid,eda_nom_fs,eda_eff_fs,eda_dur_s,eda_pct_valid,ecg_nom_fs,ecg_eff_fs,ecg_dur_s,ecg_pct_valid,respitrace_nom_fs,respitrace_eff_fs,respitrace_dur_s,respitrace_pct_valid,torsoacc_nom_fs,torsoacc_eff_fs,torsoacc_dur_s,torsoacc_pct_valid,eye_nom_fs,eye_eff_fs,eye_dur_s,eye_pct_valid,xp11_nom_fs,xp11_eff_fs,xp11_dur_s,xp11_pct_valid,task,subject,session,run_level
1,/task-ils/sub-cp003/ses-20210206/level-01Brun-001,512,508.47,534.84,100,512,508.47,534.84,100,128,504.39,535.26,100,n/a,n/a,n/a,n/a,n/a,n/a,n/a,n/a,250,NaN,0,0,4,4.5,534.49,99.96,task-ils,sub-cp003,ses-20210206,level-01Brun-001
2,/task-ils/sub-cp003/ses-20210206/level-01Brun-007,512,509.33,471.96,100,512,509.33,471.96,100,128,503.35,472.29,100,n/a,n/a,n/a,n/a,n/a,n/a,n/a,n/a,250,NaN,0,0,4,4.5,471.97,100,task-ils,sub-cp003,ses-20210206,level-01Brun-007
3,/task-ils/sub-cp003/ses-20210206/level-01Brun-012,512,508.78,472.75,100,512,508.78,472.75,100,128,505.46,472.85,100,n/a,n/a,n/a,n/a,n/a,n/a,n/a,n/a,250,NaN,0,0,4,4.5,471.85,100,task-ils,sub-cp003,ses-20210206,level-01Brun-012
4,/task-ils/sub-cp003/ses-20210206/level-02Brun-003,512,509.08,519.63,100,512,509.08,519.63,100,128,504.33,519.58,100,n/a,n/a,n/a,n/a,n/a,n/a,n/a,n/a,250,NaN,0,0,4,4.63,519.49,100,task-ils,sub-cp003,ses-20210206,level-02Brun-003
5,/task-ils/sub-cp003/ses-20210206/level-02Brun-008,512,508.9,511.19,100,512,508.9,511.19,100,128,504.58,511.08,100,n/a,n/a,n/a,n/a,n/a,n/a,n/a,n/a,250,NaN,0,0,4,4.57,510.86,100,task-ils,sub-cp003,ses-20210206,level-02Brun-008
6,/task-ils/sub-cp003/ses-20210206/level-02Brun-010,512,509.1,526.86,100,512,509.1,526.86,100,128,504.26,527.68,100,n/a,n/a,n/a,n/a,n/a,n/a,n/a,n/a,250,NaN,0,0,4,4.5,527,99.96,task-ils,sub-cp003,ses-20210206,level-02Brun-010
7,/task-ils/sub-cp003/ses-20210206/level-03Brun-002,512,509.05,526.36,100,512,509.05,526.36,100,128,504.48,526.21,100,n/a,n/a,n/a,n/a,n/a,n/a,n/a,n/a,250,NaN,0,0,4,4.7,526.39,100,task-ils,sub-cp003,ses-20210206,level-03Brun-002
8,/task-ils/sub-cp003/ses-20210206/level-03Brun-005,512,508.69,515.27,100,512,508.69,515.27,100,128,503.36,515.57,100,n/a,n/a,n/a,n/a,n/a,n/a,n/a,n/a,250,NaN,0,0,4,4.63,515.38,100,task-ils,sub-cp003,ses-20210206,level-03Brun-005
9,/task-ils/sub-cp003/ses-20210206/level-03Brun-011,512,509.02,515.89,100,512,509.02,515.89,100,128,504.36,515.94,100,n/a,n/a,n/a,n/a,n/a,n/a,n/a,n/a,250,NaN,0,0,4,4.45,515.34,97.03,task-ils,sub-cp003,ses-20210206,level-03Brun-011
10,/task-ils/sub-cp003/ses-20210206/level-04Brun-004,512,509.26,513.75,100,512,509.26,513.75,100,128,504.38,513.76,100,n/a,n/a,n/a,n/a,n/a,n/a,n/a,n/a,250,NaN,0,0,4,4.55,512.89,99.96,task-ils,sub-cp003,ses-20210206,level-04Brun-004
11,/task-ils/sub-cp003/ses-20210206/level-04Brun-006,512,509.17,515.36,100,512,509.17,515.36,100,128,502.95,516.33,100,n/a,n/a,n/a,n/a,n/a,n/a,n/a,n/a,250,NaN,0,0,4,4.55,515.96,99.87,task-ils,sub-cp003,ses-20210206,level-04Brun-006
12,/task-ils/sub-cp003/ses-20210206/level-04Brun-009,512,508.69,520.55,100,512,508.69,520.55,100,128,505.85,520.54,100,n/a,n/a,n/a,n/a,n/a,n/a,n/a,n/a,250,NaN,0,0,4,4.52,520.34,99.53,task-ils,sub-cp003,ses-20210206,level-04Brun-009
13,/task-ils/sub-cp004/ses-20210330/level-01Brun-001,128,127.68,515.08,100,128,127.68,515.08,100,128,127.9,515.87,100,n/a,n/a,n/a,n/a,128,127.65,515.62,100,250,252.37,514.88,100,4,4.99,515.43,99.96,task-ils,sub-cp004,ses-20210330,level-01Brun-001
14,/task-ils/sub-cp004/ses-20210330/level-01Brun-007,128,127.68,413.9,100,128,127.68,413.9,100,128,127.95,414.19,100,n/a,n/a,n/a,n/a,128,127.68,414.15,100,250,252.29,414.01,100,4,4.9,413.92,100,task-ils,sub-cp004,ses-20210330,level-01Brun-007
15,/task-ils/sub-cp004/ses-20210330/level-01Brun-012,128,127.68,412.98,100,128,127.68,412.98,100,128,127.96,412.84,100,n/a,n/a,n/a,n/a,128,127.55,413.29,100,250,252.87,413.02,100,4,5.37,412.91,100,task-ils,sub-cp004,ses-20210330,level-01Brun-012
16,/task-ils/sub-cp004/ses-20210330/level-02Brun-003,128,127.63,440.9,100,128,127.63,440.9,100,128,127.98,440.64,100,n/a,n/a,n/a,n/a,128,127.67,440.64,100,250,252.19,440.58,100,4,5.07,440.33,99.96,task-ils,sub-cp004,ses-20210330,level-02Brun-003
17,/task-ils/sub-cp004/ses-20210330/level-02Brun-008,128,127.67,438.53,100,128,127.67,438.53,100,128,127.84,438.72,100,n/a,n/a,n/a,n/a,128,127.68,438.59,100,250,252.64,438.91,100,4,5.02,431.93,99.95,task-ils,sub-cp004,ses-20210330,level-02Brun-008
18,/task-ils/sub-cp004/ses-20210330/level-02Brun-010,128,127.67,431.15,100,128,127.67,431.15,100,128,128.09,430.73,100,n/a,n/a,n/a,n/a,128,127.67,431.13,100,250,252.56,430.93,100,4,5.44,430.94,100,task-ils,sub-cp004,ses-20210330,level-02Brun-010
19,/task-ils/sub-cp004/ses-20210330/level-03Brun-002,128,127.67,457.7,100,128,127.67,457.7,100,128,128.04,457.43,100,n/a,n/a,n/a,n/a,128,127.66,457.77,100,250,252.18,458,100,4,5.15,457.49,100,task-ils,sub-cp004,ses-20210330,level-03Brun-002
20,/task-ils/sub-cp004/ses-20210330/level-03Brun-005,128,127.64,563.63,100,128,127.64,563.63,100,128,127.96,563.75,100,n/a,n/a,n/a,n/a,128,127.68,564.05,100,250,252.52,563.38,100,4,5.15,564,100,task-ils,sub-cp004,ses-20210330,level-03Brun-005
21,/task-ils/sub-cp004/ses-20210330/level-03Brun-011,128,127.6,447.81,100,128,127.6,447.81,100,128,127.96,447.29,100,n/a,n/a,n/a,n/a,128,127.67,447.64,100,250,252.31,447.49,100,4,5.57,447.43,99.92,task-ils,sub-cp004,ses-20210330,level-03Brun-011
22,/task-ils/sub-cp004/ses-20210330/level-04Brun-004,128,127.67,375.14,100,128,127.67,375.14,100,128,127.98,375.16,100,n/a,n/a,n/a,n/a,128,127.68,375.03,100,250,252.2,375.11,100,4,4.96,374.92,99.89,task-ils,sub-cp004,ses-20210330,level-04Brun-004
23,/task-ils/sub-cp004/ses-20210330/level-04Brun-006,128,127.62,384.68,100,128,127.62,384.68,100,128,128.02,384.49,100,n/a,n/a,n/a,n/a,128,127.49,384.69,100,250,252.45,384.6,100,4,4.9,383.85,99.95,task-ils,sub-cp004,ses-20210330,level-04Brun-006
24,/task-ils/sub-cp004/ses-20210330/level-04Brun-009,128,127.67,456.55,100,128,127.67,456.55,100,128,127.99,456.45,100,n/a,n/a,n/a,n/a,128,127.67,456.5,100,250,252.3,456.06,100,4,5.19,456.42,99.16,task-ils,sub-cp004,ses-20210330,level-04Brun-009
25,/task-ils/sub-cp005/ses-20210226/level-01Brun-001,128,127.99,484.08,100,128,127.99,484.08,100,128,127.97,484.36,100,n/a,n/a,n/a,n/a,128,127.99,484.04,100,250,252.01,483.24,100,4,4.33,483.93,93.5,task-ils,sub-cp005,ses-20210226,level-01Brun-001
26,/task-ils/sub-cp005/ses-20210226/level-01Brun-007,128,127.99,445.4,100,128,127.99,445.4,100,128,127.98,445.7,100,n/a,n/a,n/a,n/a,128,127.98,445.62,100,250,252.48,445.42,100,4,4.61,445.4,99.9,task-ils,sub-cp005,ses-20210226,level-01Brun-007
27,/task-ils/sub-cp005/ses-20210226/level-01Brun-012,128,127.98,448.18,100,128,127.98,448.18,100,128,127.98,448.11,100,n/a,n/a,n/a,n/a,128,127.98,448.09,100,250,252.71,447.88,100,4,5.32,447.87,100,task-ils,sub-cp005,ses-20210226,level-01Brun-012
28,/task-ils/sub-cp005/ses-20210226/level-02Brun-003,128,127.99,531.05,100,128,127.99,531.05,100,128,127.98,531.15,100,n/a,n/a,n/a,n/a,128,127.99,531.17,100,250,252.7,531.43,100,4,5.2,530.82,100,task-ils,sub-cp005,ses-20210226,level-02Brun-003
29,/task-ils/sub-cp005/ses-20210226/level-02Brun-008,128,127.99,474.13,100,128,127.99,474.13,100,128,127.98,474.19,100,n/a,n/a,n/a,n/a,128,127.99,474.15,100,250,252.5,474.01,100,4,4.85,473.88,99.96,task-ils,sub-cp005,ses-20210226,level-02Brun-008
30,/task-ils/sub-cp005/ses-20210226/level-02Brun-010,128,127.99,464.1,100,128,127.99,464.1,100,128,127.98,464.02,100,n/a,n/a,n/a,n/a,128,127.99,464.15,100,250,252.99,464.05,100,4,5.35,463.91,100,task-ils,sub-cp005,ses-20210226,level-02Brun-010
31,/task-ils/sub-cp005/ses-20210226/level-03Brun-002,128,127.99,283.19,100,128,127.99,283.19,100,128,127.99,283.17,100,n/a,n/a,n/a,n/a,128,127.99,283.16,100,250,252.73,282.5,100,4,5.7,282.98,100,task-ils,sub-cp005,ses-20210226,level-03Brun-002
32,/task-ils/sub-cp005/ses-20210226/level-03Brun-005,128,127.99,576.62,100,128,127.99,576.62,100,128,127.98,576.63,100,n/a,n/a,n/a,n/a,128,127.99,576.59,100,250,252.33,576.16,100,4,5.31,576.49,99.93,task-ils,sub-cp005,ses-20210226,level-03Brun-005
33,/task-ils/sub-cp005/ses-20210226/level-03Brun-011,128,127.96,448.05,100,128,127.96,448.05,100,128,127.97,448.6,100,n/a,n/a,n/a,n/a,128,127.98,448.6,100,250,252.8,448.58,100,4,5.4,447.96,100,task-ils,sub-cp005,ses-20210226,level-03Brun-011
34,/task-ils/sub-cp005/ses-20210226/level-04Brun-004,128,127.98,612.54,100,128,127.98,612.54,100,128,127.98,612.65,100,n/a,n/a,n/a,n/a,128,127.98,612.73,100,250,252.67,612.6,100,4,5.24,612.37,100,task-ils,sub-cp005,ses-20210226,level-04Brun-004
35,/task-ils/sub-cp005/ses-20210226/level-04Brun-006,128,127.98,484.59,100,128,127.98,484.59,100,128,127.98,485.22,100,n/a,n/a,n/a,n/a,128,127.98,485.01,100,250,252.39,485.1,100,4,4.82,484.99,99.79,task-ils,sub-cp005,ses-20210226,level-04Brun-006
36,/task-ils/sub-cp005/ses-20210226/level-04Brun-009,128,127.98,538.16,100,128,127.98,538.16,100,128,127.98,538.2,100,n/a,n/a,n/a,n/a,128,127.98,538.52,100,250,252.9,537.64,100,4,4.98,537.87,99.96,task-ils,sub-cp005,ses-20210226,level-04Brun-009
37,/task-ils/sub-cp006/ses-20210324/level-01Brun-001,128,127.63,545.62,100,128,127.63,545.62,100,128,127.89,546.17,100,n/a,n/a,n/a,n/a,128,127.67,546.11,100,250,252.41,545.53,100,4,5.3,546,99.97,task-ils,sub-cp006,ses-20210324,level-01Brun-001
38,/task-ils/sub-cp006/ses-20210324/level-01Brun-007,128,127.63,516.7,100,128,127.63,516.7,100,128,127.98,516.58,100,n/a,n/a,n/a,n/a,128,127.67,516.57,100,250,252.66,516.25,100,4,5.14,516.91,100,task-ils,sub-cp006,ses-20210324,level-01Brun-007
39,/task-ils/sub-cp006/ses-20210324/level-01Brun-012,128,127.67,410.56,100,128,127.67,410.56,100,128,127.98,410.55,100,n/a,n/a,n/a,n/a,128,127.67,410.66,100,250,252.26,410.57,100,4,5.09,410.39,99.95,task-ils,sub-cp006,ses-20210324,level-01Brun-012
40,/task-ils/sub-cp006/ses-20210324/level-02Brun-003,128,127.67,449.49,100,128,127.67,449.49,100,128,127.98,449.69,100,n/a,n/a,n/a,n/a,128,127.68,449.61,100,250,252.5,449.42,100,4,5.07,449.32,100,task-ils,sub-cp006,ses-20210324,level-02Brun-003
41,/task-ils/sub-cp006/ses-20210324/level-02Brun-008,128,127.67,509.57,100,128,127.67,509.57,100,128,127.98,509.87,100,n/a,n/a,n/a,n/a,128,127.68,509.73,100,250,252.5,509.11,100,4,5.3,509.48,99.96,task-ils,sub-cp006,ses-20210324,level-02Brun-008
42,/task-ils/sub-cp006/ses-20210324/level-02Brun-010,128,127.67,493.15,100,128,127.67,493.15,100,128,127.94,493.26,100,n/a,n/a,n/a,n/a,128,127.68,492.93,100,250,251.85,492.29,100,4,5.25,492.9,99.85,task-ils,sub-cp006,ses-20210324,level-02Brun-010
43,/task-ils/sub-cp006/ses-20210324/level-03Brun-002,128,127.67,470.24,100,128,127.67,470.24,100,128,127.99,469.91,100,n/a,n/a,n/a,n/a,128,127.64,469.99,100,250,252.18,470.09,100,4,5.22,469.86,99.96,task-ils,sub-cp006,ses-20210324,level-03Brun-002
44,/task-ils/sub-cp006/ses-20210324/level-03Brun-005,128,127.66,518.03,100,128,127.66,518.03,100,128,127.98,517.69,100,n/a,n/a,n/a,n/a,128,127.68,518.12,100,250,252.36,517.47,100,4,5.6,517.84,99.97,task-ils,sub-cp006,ses-20210324,level-03Brun-005
45,/task-ils/sub-cp006/ses-20210324/level-03Brun-011,128,127.67,448.03,100,128,127.67,448.03,100,128,127.99,447.66,100,n/a,n/a,n/a,n/a,128,127.68,447.6,100,250,252.3,448.03,100,4,5.34,447.9,100,task-ils,sub-cp006,ses-20210324,level-03Brun-011
46,/task-ils/sub-cp006/ses-20210324/level-04Brun-004,128,127.67,453.54,100,128,127.67,453.54,100,128,127.97,453.64,100,n/a,n/a,n/a,n/a,128,127.68,453.57,100,250,252.5,453.37,100,4,5.15,453.47,99.91,task-ils,sub-cp006,ses-20210324,level-04Brun-004
47,/task-ils/sub-cp006/ses-20210324/level-04Brun-006,128,127.67,504.15,100,128,127.67,504.15,100,128,127.98,504.2,100,n/a,n/a,n/a,n/a,128,127.68,504.29,100,250,252.44,503.47,100,4,5.25,503.94,99.89,task-ils,sub-cp006,ses-20210324,level-04Brun-006
48,/task-ils/sub-cp006/ses-20210324/level-04Brun-009,128,127.67,498.04,100,128,127.67,498.04,100,128,127.97,497.18,100,n/a,n/a,n/a,n/a,128,127.67,498.11,100,250,252.51,497.49,100,4,5.21,497.83,99.69,task-ils,sub-cp006,ses-20210324,level-04Brun-009
49,/task-ils/sub-cp008/ses-20210503/level-01Brun-001,128,127.67,385.59,100,128,127.67,385.59,100,128,127.98,385.55,100,n/a,n/a,n/a,n/a,n/a,n/a,n/a,n/a,250,251.45,385.56,100,4,4.81,385.36,99.46,task-ils,sub-cp008,ses-20210503,level-01Brun-001
50,/task-ils/sub-cp008/ses-20210503/level-01Brun-007,128,127.6,414.52,100,128,127.6,414.52,100,128,127.99,415.27,100,n/a,n/a,n/a,n/a,128,128.01,414.41,100,250,251.56,415.03,100,4,5.31,414.38,100,task-ils,sub-cp008,ses-20210503,level-01Brun-007
51,/task-ils/sub-cp008/ses-20210503/level-01Brun-012,128,127.63,420.21,100,128,127.63,420.21,100,128,127.98,420.08,100,n/a,n/a,n/a,n/a,128,128.02,420.43,100,250,251.48,420.54,100,4,4.76,420.46,99.9,task-ils,sub-cp008,ses-20210503,level-01Brun-012
52,/task-ils/sub-cp008/ses-20210503/level-02Brun-003,128,127.67,430.04,100,128,127.67,430.04,100,128,127.99,429.97,100,n/a,n/a,n/a,n/a,n/a,n/a,n/a,n/a,250,251.03,430.49,100,4,4.76,430.37,99.85,task-ils,sub-cp008,ses-20210503,level-02Brun-003
53,/task-ils/sub-cp008/ses-20210503/level-02Brun-008,128,127.67,430.53,100,128,127.67,430.53,100,128,127.98,430.52,100,n/a,n/a,n/a,n/a,128,127.99,430.55,100,250,251.55,430.53,100,4,5.42,430.34,100,task-ils,sub-cp008,ses-20210503,level-02Brun-008
54,/task-ils/sub-cp008/ses-20210503/level-02Brun-010,128,127.67,451.97,100,128,127.67,451.97,100,128,127.98,452.21,100,n/a,n/a,n/a,n/a,128,128.06,452.56,100,250,251.5,452.09,100,4,5.36,451.87,100,task-ils,sub-cp008,ses-20210503,level-02Brun-010
55,/task-ils/sub-cp008/ses-20210503/level-03Brun-002,128,127.67,432.56,100,128,127.67,432.56,100,128,127.97,433.09,100,n/a,n/a,n/a,n/a,n/a,n/a,n/a,n/a,250,251.54,432.8,100,4,4.97,432.41,99.91,task-ils,sub-cp008,ses-20210503,level-03Brun-002
56,/task-ils/sub-cp008/ses-20210503/level-03Brun-005,128,127.67,436.51,100,128,127.67,436.51,100,128,127.96,436.57,100,n/a,n/a,n/a,n/a,n/a,n/a,n/a,n/a,250,251.49,436.59,100,4,5.31,436.37,99.91,task-ils,sub-cp008,ses-20210503,level-03Brun-005
57,/task-ils/sub-cp008/ses-20210503/level-03Brun-011,128,127.67,463.13,100,128,127.67,463.13,100,128,127.97,463.12,100,n/a,n/a,n/a,n/a,128,127.99,463.11,100,250,251.61,463.04,100,4,5.36,462.83,99.96,task-ils,sub-cp008,ses-20210503,level-03Brun-011
58,/task-ils/sub-cp008/ses-20210503/level-04Brun-004,128,127.67,415.04,100,128,127.67,415.04,100,128,127.98,414.96,100,n/a,n/a,n/a,n/a,n/a,n/a,n/a,n/a,250,251.53,415.07,100,4,5.25,415,100,task-ils,sub-cp008,ses-20210503,level-04Brun-004
59,/task-ils/sub-cp008/ses-20210503/level-04Brun-006,128,127.67,403.02,100,128,127.67,403.02,100,128,127.99,403.04,100,n/a,n/a,n/a,n/a,128,128.01,402.95,100,250,251.6,402.99,100,4,5.24,402.84,100,task-ils,sub-cp008,ses-20210503,level-04Brun-006
60,/task-ils/sub-cp008/ses-20210503/level-04Brun-009,128,127.67,444.22,100,128,127.67,444.22,100,128,127.98,444.52,100,n/a,n/a,n/a,n/a,128,127.86,444.6,100,250,251.7,444.54,100,4,5.15,443.96,99.74,task-ils,sub-cp008,ses-20210503,level-04Brun-009
61,/task-ils/sub-cp009/ses-20210129/level-01Brun-001,512,512.11,792.54,100,512,512.11,792.54,100,128,NaN,0,0,n/a,n/a,n/a,n/a,n/a,n/a,n/a,n/a,250,252.55,792.78,100,4,4.56,791.41,99.86,task-ils,sub-cp009,ses-20210129,level-01Brun-001
62,/task-ils/sub-cp009/ses-20210129/level-01Brun-007,512,511.06,497.72,100,512,511.06,497.72,100,128,505.92,498.44,100,n/a,n/a,n/a,n/a,n/a,n/a,n/a,n/a,250,253.31,497.6,100,4,4.54,497.14,100,task-ils,sub-cp009,ses-20210129,level-01Brun-007
63,/task-ils/sub-cp009/ses-20210129/level-01Brun-012,512,510.85,472.89,100,512,510.85,472.89,100,128,505.74,473.19,100,n/a,n/a,n/a,n/a,n/a,n/a,n/a,n/a,250,252.89,472.89,100,4,4.5,472.4,100,task-ils,sub-cp009,ses-20210129,level-01Brun-012
64,/task-ils/sub-cp009/ses-20210129/level-02Brun-003,512,512.11,474.57,100,512,512.11,474.57,100,128,NaN,0,0,n/a,n/a,n/a,n/a,n/a,n/a,n/a,n/a,250,253.3,474.13,100,4,4.51,474.32,100,task-ils,sub-cp009,ses-20210129,level-02Brun-003
65,/task-ils/sub-cp009/ses-20210129/level-02Brun-008,512,510.44,480.14,100,512,510.44,480.14,100,128,507.93,480.58,100,n/a,n/a,n/a,n/a,n/a,n/a,n/a,n/a,250,252.25,480.09,100,4,4.51,479.85,100,task-ils,sub-cp009,ses-20210129,level-02Brun-008
66,/task-ils/sub-cp009/ses-20210129/level-02Brun-010,512,510.6,482.01,100,512,510.6,482.01,100,128,502.87,480.58,100,n/a,n/a,n/a,n/a,n/a,n/a,n/a,n/a,250,252.93,481.04,100,4,4.5,481.3,99.95,task-ils,sub-cp009,ses-20210129,level-02Brun-010
67,/task-ils/sub-cp009/ses-20210129/level-03Brun-002,512,512.11,585.65,100,512,512.11,585.65,100,128,NaN,0,0,n/a,n/a,n/a,n/a,n/a,n/a,n/a,n/a,250,253.05,585.9,100,4,4.61,573.83,99.85,task-ils,sub-cp009,ses-20210129,level-03Brun-002
68,/task-ils/sub-cp009/ses-20210129/level-03Brun-005,512,511.05,538.83,100,512,511.05,538.83,100,128,508.29,538.73,100,n/a,n/a,n/a,n/a,n/a,n/a,n/a,n/a,250,252.86,538.21,100,4,4.5,538.43,99.92,task-ils,sub-cp009,ses-20210129,level-03Brun-005
69,/task-ils/sub-cp009/ses-20210129/level-03Brun-011,512,510.97,454.19,100,512,510.97,454.19,100,128,508.22,453.67,100,n/a,n/a,n/a,n/a,n/a,n/a,n/a,n/a,250,252.6,454.14,100,4,4.5,453.95,99.8,task-ils,sub-cp009,ses-20210129,level-03Brun-011
70,/task-ils/sub-cp009/ses-20210129/level-04Brun-004,512,512.11,242.52,100,512,512.11,242.52,100,128,NaN,0,0,n/a,n/a,n/a,n/a,n/a,n/a,n/a,n/a,250,252.95,242.54,100,4,4.43,242.48,98.7,task-ils,sub-cp009,ses-20210129,level-04Brun-004
71,/task-ils/sub-cp009/ses-20210129/level-04Brun-006,512,510.76,255.92,100,512,510.76,255.92,100,128,506.68,254.32,100,n/a,n/a,n/a,n/a,n/a,n/a,n/a,n/a,250,252.52,255.62,100,4,4.49,255.44,100,task-ils,sub-cp009,ses-20210129,level-04Brun-006
72,/task-ils/sub-cp009/ses-20210129/level-04Brun-009,512,510.03,296.13,100,512,510.03,296.13,100,128,504.32,295.65,100,n/a,n/a,n/a,n/a,n/a,n/a,n/a,n/a,250,253.5,295.75,100,4,4.5,296,100,task-ils,sub-cp009,ses-20210129,level-04Brun-009
73,/task-ils/sub-cp011/ses-20210408/level-01Brun-001,128,127.62,383.08,100,128,127.62,383.08,100,128,127.97,383.14,100,n/a,n/a,n/a,n/a,128,127.67,383.14,100,250,252.46,383.01,100,4,4.94,382.85,100,task-ils,sub-cp011,ses-20210408,level-01Brun-001
74,/task-ils/sub-cp011/ses-20210408/level-01Brun-007,128,127.61,323.28,100,128,127.61,323.28,100,128,127.97,323.12,100,n/a,n/a,n/a,n/a,128,127.67,323.14,100,250,252.37,323.02,100,4,4.38,322.87,98.87,task-ils,sub-cp011,ses-20210408,level-01Brun-007
75,/task-ils/sub-cp011/ses-20210408/level-01Brun-012,128,127.53,367.03,100,128,127.53,367.03,100,128,127.99,367.18,100,n/a,n/a,n/a,n/a,128,127.68,366.93,100,250,252.25,367.55,100,4,4.36,366.77,97.43,task-ils,sub-cp011,ses-20210408,level-01Brun-012
76,/task-ils/sub-cp011/ses-20210408/level-02Brun-003,128,127.65,410.11,100,128,127.65,410.11,100,128,127.99,410.13,100,n/a,n/a,n/a,n/a,128,127.67,410.17,100,250,252.21,410.06,100,4,5.31,406,99.91,task-ils,sub-cp011,ses-20210408,level-02Brun-003
77,/task-ils/sub-cp011/ses-20210408/level-02Brun-008,128,127.71,436.16,100,128,127.71,436.16,100,128,127.98,436.12,100,n/a,n/a,n/a,n/a,128,127.66,436.13,100,250,252.08,436.03,100,4,4.42,435.89,99.27,task-ils,sub-cp011,ses-20210408,level-02Brun-008
78,/task-ils/sub-cp011/ses-20210408/level-02Brun-010,128,127.64,444.79,100,128,127.64,444.79,100,128,127.98,445.13,100,n/a,n/a,n/a,n/a,128,127.67,444.55,100,250,252.84,444.77,100,4,4.31,445.01,98.38,task-ils,sub-cp011,ses-20210408,level-02Brun-010
79,/task-ils/sub-cp011/ses-20210408/level-03Brun-002,128,127.74,224.23,100,128,127.74,224.23,100,128,127.97,224.09,100,n/a,n/a,n/a,n/a,128,127.67,224.09,100,250,252.38,223.99,100,4,5.28,218.76,100,task-ils,sub-cp011,ses-20210408,level-03Brun-002
80,/task-ils/sub-cp011/ses-20210408/level-03Brun-005,128,127.63,481.69,100,128,127.63,481.69,100,128,127.98,481.66,100,n/a,n/a,n/a,n/a,128,127.68,481.56,100,250,252.04,481.14,100,4,5.22,481.41,99.96,task-ils,sub-cp011,ses-20210408,level-03Brun-005
81,/task-ils/sub-cp011/ses-20210408/level-03Brun-011,128,127.65,407.18,100,128,127.65,407.18,100,128,127.98,407.08,100,n/a,n/a,n/a,n/a,128,127.66,407.08,100,250,251.84,407.13,100,4,4.49,406.96,99.56,task-ils,sub-cp011,ses-20210408,level-03Brun-011
82,/task-ils/sub-cp011/ses-20210408/level-04Brun-004,128,127.62,731.24,100,128,127.62,731.24,100,128,127.98,731.28,100,n/a,n/a,n/a,n/a,128,127.67,731.22,100,250,252.34,731.74,100,4,4.98,730.99,99.81,task-ils,sub-cp011,ses-20210408,level-04Brun-004
83,/task-ils/sub-cp011/ses-20210408/level-04Brun-006,128,127.66,390.56,100,128,127.66,390.56,100,128,127.99,391.07,100,n/a,n/a,n/a,n/a,128,127.67,391.1,100,250,252.08,391.07,100,4,4.79,385.44,99.84,task-ils,sub-cp011,ses-20210408,level-04Brun-006
84,/task-ils/sub-cp011/ses-20210408/level-04Brun-009,128,127.68,403.76,100,128,127.68,403.76,100,128,127.98,403.71,100,n/a,n/a,n/a,n/a,128,127.66,403.6,100,250,252.23,403.79,100,4,4.38,403.41,99.26,task-ils,sub-cp011,ses-20210408,level-04Brun-009
85,/task-ils/sub-cp012/ses-20210723/level-01Brun-001,128,127.99,427.57,100,128,127.99,427.57,100,128,127.98,427.48,100,n/a,n/a,n/a,n/a,128,127.99,427.65,100,250,252.44,427.65,100,4,5.22,427.46,99.82,task-ils,sub-cp012,ses-20210723,level-01Brun-001
86,/task-ils/sub-cp012/ses-20210723/level-01Brun-007,128,127.98,422.5,100,128,127.98,422.5,100,128,127.99,422.55,100,n/a,n/a,n/a,n/a,128,127.99,422.46,100,250,253.22,422.37,100,4,4.6,422.42,100,task-ils,sub-cp012,ses-20210723,level-01Brun-007
87,/task-ils/sub-cp012/ses-20210723/level-01Brun-012,128,127.99,433.65,100,128,127.99,433.65,100,128,127.98,433.65,100,n/a,n/a,n/a,n/a,128,127.99,433.4,100,250,252.97,433.75,100,4,4.62,432.9,99.8,task-ils,sub-cp012,ses-20210723,level-01Brun-012
88,/task-ils/sub-cp012/ses-20210723/level-02Brun-003,128,127.98,462.53,100,128,127.98,462.53,100,128,127.97,462.54,100,n/a,n/a,n/a,n/a,128,127.98,462.58,100,250,252.99,462.6,100,4,5.04,462.31,99.74,task-ils,sub-cp012,ses-20210723,level-02Brun-003
89,/task-ils/sub-cp012/ses-20210723/level-02Brun-008,128,127.9,449.7,100,128,127.9,449.7,100,128,127.98,449.59,100,n/a,n/a,n/a,n/a,128,127.98,449.7,100,250,253.19,449.16,100,4,4.78,449.46,100,task-ils,sub-cp012,ses-20210723,level-02Brun-008
90,/task-ils/sub-cp012/ses-20210723/level-02Brun-010,128,127.98,456.14,100,128,127.98,456.14,100,128,127.97,456.15,100,n/a,n/a,n/a,n/a,128,127.98,456.64,100,250,253.23,456.29,100,4,4.85,456.36,99.95,task-ils,sub-cp012,ses-20210723,level-02Brun-010
91,/task-ils/sub-cp012/ses-20210723/level-03Brun-002,128,127.99,470.13,100,128,127.99,470.13,100,128,127.98,470.02,100,n/a,n/a,n/a,n/a,128,127.98,469.93,100,250,253.19,470.29,100,4,5.18,469.88,100,task-ils,sub-cp012,ses-20210723,level-03Brun-002
92,/task-ils/sub-cp012/ses-20210723/level-03Brun-005,128,127.99,461.02,100,128,127.99,461.02,100,128,127.98,461,100,n/a,n/a,n/a,n/a,128,127.98,460.93,100,250,253.13,459.66,100,4,5.17,460.88,99.92,task-ils,sub-cp012,ses-20210723,level-03Brun-005
93,/task-ils/sub-cp012/ses-20210723/level-03Brun-011,128,127.99,457.98,100,128,127.99,457.98,100,128,127.98,458.01,100,n/a,n/a,n/a,n/a,128,127.99,458.08,100,250,253.24,457.91,100,4,5,457.88,99.96,task-ils,sub-cp012,ses-20210723,level-03Brun-011
94,/task-ils/sub-cp012/ses-20210723/level-04Brun-004,128,127.99,484.05,100,128,127.99,484.05,100,128,127.99,483.96,100,n/a,n/a,n/a,n/a,128,127.99,484.01,100,250,252.9,484.16,100,4,5.13,483.85,99.84,task-ils,sub-cp012,ses-20210723,level-04Brun-004
95,/task-ils/sub-cp012/ses-20210723/level-04Brun-006,128,127.98,461.57,100,128,127.98,461.57,100,128,127.98,461.76,100,n/a,n/a,n/a,n/a,128,127.99,461.37,100,250,253.02,461.75,100,4,4.81,461.35,99.77,task-ils,sub-cp012,ses-20210723,level-04Brun-006
96,/task-ils/sub-cp012/ses-20210723/level-04Brun-009,128,127.99,448.13,100,128,127.99,448.13,100,128,127.99,448.09,100,n/a,n/a,n/a,n/a,128,127.99,448.21,100,250,252.87,448.81,100,4,4.83,447.97,99.72,task-ils,sub-cp012,ses-20210723,level-04Brun-009
97,/task-ils/sub-cp013/ses-20210319/level-01Brun-001,128,128.04,441.93,100,128,128.04,441.93,100,128,128,442.16,100,n/a,n/a,n/a,n/a,128,127.99,442.07,100,250,252.08,442.18,100,4,5.21,441.82,100,task-ils,sub-cp013,ses-20210319,level-01Brun-001
98,/task-ils/sub-cp013/ses-20210319/level-01Brun-007,128,127.99,375.44,100,128,127.99,375.44,100,128,127.9,375.72,100,n/a,n/a,n/a,n/a,128,127.99,375.18,100,250,252.21,375.54,100,4,5.08,375.35,100,task-ils,sub-cp013,ses-20210319,level-01Brun-007
99,/task-ils/sub-cp013/ses-20210319/level-01Brun-012,128,127.98,399.55,100,128,127.98,399.55,100,128,127.98,399.64,100,n/a,n/a,n/a,n/a,128,127.99,399.57,100,250,252.4,399.58,100,4,5.25,399.37,100,task-ils,sub-cp013,ses-20210319,level-01Brun-012
100,/task-ils/sub-cp013/ses-20210319/level-02Brun-003,128,127.98,365.55,100,128,127.98,365.55,100,128,127.91,365.58,100,n/a,n/a,n/a,n/a,128,127.99,365.76,100,250,251.79,365.4,100,4,5.58,358.49,99.95,task-ils,sub-cp013,ses-20210319,level-02Brun-003
101,/task-ils/sub-cp013/ses-20210319/level-02Brun-008,128,128,510,100,128,128,510,100,128,127.96,510.06,100,n/a,n/a,n/a,n/a,128,127.98,510.04,100,250,252.56,509.95,100,4,5.46,509.88,100,task-ils,sub-cp013,ses-20210319,level-02Brun-008
102,/task-ils/sub-cp013/ses-20210319/level-02Brun-010,128,127.99,521.42,100,128,127.99,521.42,100,128,127.97,520.67,100,n/a,n/a,n/a,n/a,128,127.98,521.14,100,250,251.85,521.54,100,4,4.55,521.42,99.49,task-ils,sub-cp013,ses-20210319,level-02Brun-010
103,/task-ils/sub-cp013/ses-20210319/level-03Brun-002,128,127.85,81.89,100,128,127.85,81.89,100,128,127.98,81.44,100,n/a,n/a,n/a,n/a,128,128.02,81.97,100,250,251.04,82.04,100,4,5.96,77.56,100,task-ils,sub-cp013,ses-20210319,level-03Brun-002
104,/task-ils/sub-cp013/ses-20210319/level-03Brun-005,128,127.99,640.09,100,128,127.99,640.09,100,128,127.95,640.36,100,n/a,n/a,n/a,n/a,128,127.99,640.1,100,250,252.33,636.98,100,4,5.46,639.93,99.66,task-ils,sub-cp013,ses-20210319,level-03Brun-005
105,/task-ils/sub-cp013/ses-20210319/level-03Brun-011,128,127.98,468.42,100,128,127.98,468.42,100,128,127.99,468.36,100,n/a,n/a,n/a,n/a,128,127.98,468.49,100,250,252.51,468.51,100,4,4.72,468.42,99.77,task-ils,sub-cp013,ses-20210319,level-03Brun-011
106,/task-ils/sub-cp013/ses-20210319/level-04Brun-004,128,127.8,303.75,100,128,127.8,303.75,100,128,128.01,303.59,100,n/a,n/a,n/a,n/a,128,127.99,303.6,100,250,252.42,303.6,100,4,5.38,303.41,99.94,task-ils,sub-cp013,ses-20210319,level-04Brun-004
107,/task-ils/sub-cp013/ses-20210319/level-04Brun-006,128,127.98,267.42,100,128,127.98,267.42,100,128,127.97,267.56,100,n/a,n/a,n/a,n/a,128,127.99,267.51,100,250,251.92,268.06,100,4,5.2,260.06,99.93,task-ils,sub-cp013,ses-20210319,level-04Brun-006
108,/task-ils/sub-cp013/ses-20210319/level-04Brun-009,128,127.98,187.08,100,128,127.98,187.08,100,128,127.99,187.13,100,n/a,n/a,n/a,n/a,128,127.99,186.55,100,250,252.08,186.82,100,4,5.22,180.84,100,task-ils,sub-cp013,ses-20210319,level-04Brun-009
109,/task-ils/sub-cp014/ses-20211112/level-01Brun-001,128,127.67,421.03,100,128,127.67,421.03,100,128,127.99,421.27,100,1024,1024.01,421,100,128,127.68,421,100,250,252.63,420.69,100,4,5.3,420.98,100,task-ils,sub-cp014,ses-20211112,level-01Brun-001
110,/task-ils/sub-cp014/ses-20211112/level-01Brun-007,128,127.67,402.08,100,128,127.67,402.08,100,128,128.01,401.75,100,1024,1024.02,402.99,100,128,127.68,402.13,100,250,252.44,401.85,100,4,4.88,401.49,100,task-ils,sub-cp014,ses-20211112,level-01Brun-007
111,/task-ils/sub-cp014/ses-20211112/level-01Brun-012,128,127.66,392.06,100,128,127.66,392.06,100,128,127.94,391.78,100,1024,1024.01,392,100,128,127.66,392.05,100,250,252.54,391.94,100,4,5.31,391.94,100,task-ils,sub-cp014,ses-20211112,level-01Brun-012
112,/task-ils/sub-cp014/ses-20211112/level-02Brun-003,128,127.67,437.17,100,128,127.67,437.17,100,128,127.98,437,100,1024,1024.01,437,100,128,127.67,437.22,100,250,252.64,436.79,100,4,5.35,436.94,100,task-ils,sub-cp014,ses-20211112,level-02Brun-003
113,/task-ils/sub-cp014/ses-20211112/level-02Brun-008,128,127.65,429.16,100,128,127.65,429.16,100,128,127.97,428.86,100,1024,1024.01,428.99,100,128,127.66,429.09,100,250,252.18,429.15,100,4,5.01,428.9,99.86,task-ils,sub-cp014,ses-20211112,level-02Brun-008
114,/task-ils/sub-cp014/ses-20211112/level-02Brun-010,128,127.65,430.6,100,128,127.65,430.6,100,128,128,430.25,100,1024,1024.02,429.99,100,128,127.67,430.56,100,250,252.46,430.24,100,4,5.01,430.5,100,task-ils,sub-cp014,ses-20211112,level-02Brun-010
115,/task-ils/sub-cp014/ses-20211112/level-03Brun-002,128,127.67,450.11,100,128,127.67,450.11,100,128,127.97,450.24,100,1024,1024.01,451,100,128,127.66,450.17,100,250,252.58,449.77,100,4,5.29,449.84,100,task-ils,sub-cp014,ses-20211112,level-03Brun-002
116,/task-ils/sub-cp014/ses-20211112/level-03Brun-005,128,127.68,432.41,100,128,127.68,432.41,100,128,127.98,432.38,100,1024,1024.01,433,100,128,127.67,432.61,100,250,252.39,432.36,100,4,5.27,432.34,100,task-ils,sub-cp014,ses-20211112,level-03Brun-005
117,/task-ils/sub-cp014/ses-20211112/level-03Brun-011,128,127.66,438.12,100,128,127.66,438.12,100,128,127.98,438.02,100,1024,1024.01,438,100,128,127.68,438.2,100,250,252.65,438.03,100,4,5.53,437.88,100,task-ils,sub-cp014,ses-20211112,level-03Brun-011
118,/task-ils/sub-cp014/ses-20211112/level-04Brun-004,128,127.66,459.26,100,128,127.66,459.26,100,128,127.98,459.2,100,1024,1024.01,459,100,128,127.65,458.44,100,250,252.34,459.2,100,4,5.28,458.39,100,task-ils,sub-cp014,ses-20211112,level-04Brun-004
119,/task-ils/sub-cp014/ses-20211112/level-04Brun-006,128,127.64,452.08,100,128,127.64,452.08,100,128,127.98,452.25,100,1024,1024.01,453,100,128,127.67,452.05,100,250,252.22,452.27,100,4,5.15,451.93,99.91,task-ils,sub-cp014,ses-20211112,level-04Brun-006
120,/task-ils/sub-cp014/ses-20211112/level-04Brun-009,128,127.66,447,100,128,127.66,447,100,128,127.99,447.11,100,1024,1024.02,446.99,100,128,127.68,447.25,100,250,252.28,447.48,100,4,5.09,446.93,99.78,task-ils,sub-cp014,ses-20211112,level-04Brun-009
121,/task-ils/sub-cp015/ses-20210504/level-01Brun-001,128,128,417.57,100,128,128,417.57,100,128,127.98,417.56,100,n/a,n/a,n/a,n/a,128,128.03,417.5,100,250,251.93,417.75,100,4,5.12,417.46,99.86,task-ils,sub-cp015,ses-20210504,level-01Brun-001
122,/task-ils/sub-cp015/ses-20210504/level-01Brun-007,128,127.99,467.98,100,128,127.99,467.98,100,128,127.98,468.11,100,n/a,n/a,n/a,n/a,128,127.16,466.28,100,250,251.99,468.39,100,4,5.04,467.98,100,task-ils,sub-cp015,ses-20210504,level-01Brun-007
123,/task-ils/sub-cp015/ses-20210504/level-01Brun-012,128,127.98,414.61,100,128,127.98,414.61,100,128,127.97,414.54,100,n/a,n/a,n/a,n/a,128,106.67,422.84,0,250,252.15,414.26,100,4,4.3,414.42,99.83,task-ils,sub-cp015,ses-20210504,level-01Brun-012
124,/task-ils/sub-cp015/ses-20210504/level-02Brun-003,128,127.98,444.71,100,128,127.98,444.71,100,128,127.98,444.68,100,n/a,n/a,n/a,n/a,128,128.03,444.22,100,250,251.75,444.84,100,4,5,444.29,100,task-ils,sub-cp015,ses-20210504,level-02Brun-003
125,/task-ils/sub-cp015/ses-20210504/level-02Brun-008,128,127.94,428.8,100,128,127.94,428.8,100,128,127.99,428.28,100,n/a,n/a,n/a,n/a,128,128.63,429.51,100,250,252.09,428.72,100,4,4.99,428.85,99.95,task-ils,sub-cp015,ses-20210504,level-02Brun-008
126,/task-ils/sub-cp015/ses-20210504/level-02Brun-010,128,128,427.38,100,128,128,427.38,100,128,127.96,427.04,100,n/a,n/a,n/a,n/a,128,126.18,426.15,100,250,251.62,427.32,100,4,4.55,426.39,98.92,task-ils,sub-cp015,ses-20210504,level-02Brun-010
127,/task-ils/sub-cp015/ses-20210504/level-03Brun-002,128,127.99,446.71,100,128,127.99,446.71,100,128,127.98,446.53,100,n/a,n/a,n/a,n/a,128,128.01,446.51,100,250,251.89,446.23,100,4,5.18,446.47,99.96,task-ils,sub-cp015,ses-20210504,level-03Brun-002
128,/task-ils/sub-cp015/ses-20210504/level-03Brun-005,128,127.99,447.12,100,128,127.99,447.12,100,128,127.98,447.11,100,n/a,n/a,n/a,n/a,128,128,446.99,100,250,251.93,446.7,100,4,5.11,446.8,100,task-ils,sub-cp015,ses-20210504,level-03Brun-005
129,/task-ils/sub-cp015/ses-20210504/level-03Brun-011,128,127.97,422.68,100,128,127.97,422.68,100,128,127.98,422.69,100,n/a,n/a,n/a,n/a,128,121.76,421.69,72.74,250,251.9,422.31,100,4,4.69,421.84,99.8,task-ils,sub-cp015,ses-20210504,level-03Brun-011
130,/task-ils/sub-cp015/ses-20210504/level-04Brun-004,128,127.99,492.2,100,128,127.99,492.2,100,128,127.98,492.07,100,n/a,n/a,n/a,n/a,128,128.01,491.92,100,250,251.82,492.33,100,4,5.05,491.95,99.92,task-ils,sub-cp015,ses-20210504,level-04Brun-004
131,/task-ils/sub-cp015/ses-20210504/level-04Brun-006,128,127.98,486.24,100,128,127.98,486.24,100,128,127.98,486.09,100,n/a,n/a,n/a,n/a,128,128.01,486,100,250,251.79,486.39,100,4,4.56,483.81,99.46,task-ils,sub-cp015,ses-20210504,level-04Brun-006
132,/task-ils/sub-cp015/ses-20210504/level-04Brun-009,128,128.02,435.25,100,128,128.02,435.25,100,128,127.97,435.07,100,n/a,n/a,n/a,n/a,128,127.04,430.93,100,250,251.51,435.39,100,4,4.51,434.8,99.54,task-ils,sub-cp015,ses-20210504,level-04Brun-009
133,/task-ils/sub-cp016/ses-20210528/level-01Brun-001,128,127.96,405.45,100,128,127.96,405.45,100,128,128,405.55,100,n/a,n/a,n/a,n/a,128,127.99,405.31,100,250,252.66,405.44,100,4,5.24,405.43,100,task-ils,sub-cp016,ses-20210528,level-01Brun-001
134,/task-ils/sub-cp016/ses-20210528/level-01Brun-007,128,127.94,487.77,100,128,127.94,487.77,100,128,127.99,487.57,100,n/a,n/a,n/a,n/a,128,127.98,487.58,100,250,252.19,487.32,100,4,5.18,487.42,100,task-ils,sub-cp016,ses-20210528,level-01Brun-007
135,/task-ils/sub-cp016/ses-20210528/level-01Brun-012,128,127.81,389.32,100,128,127.81,389.32,100,128,127.98,389.07,100,n/a,n/a,n/a,n/a,128,127.99,389.16,100,250,252.45,389.07,100,4,5.27,388.82,100,task-ils,sub-cp016,ses-20210528,level-01Brun-012
136,/task-ils/sub-cp016/ses-20210528/level-02Brun-003,128,127.98,435.76,100,128,127.98,435.76,100,128,127.97,436.11,100,n/a,n/a,n/a,n/a,128,127.99,436.01,100,250,252.22,436.45,100,4,5.1,436.44,100,task-ils,sub-cp016,ses-20210528,level-02Brun-003
137,/task-ils/sub-cp016/ses-20210528/level-02Brun-008,128,121.93,481.35,97,128,121.93,481.35,97,128,127.99,481.51,100,n/a,n/a,n/a,n/a,128,127.99,481.69,100,250,252.33,481.17,100,4,5.13,481.29,100,task-ils,sub-cp016,ses-20210528,level-02Brun-008
138,/task-ils/sub-cp016/ses-20210528/level-02Brun-010,128,128.09,437.23,100,128,128.09,437.23,100,128,127.97,437.59,100,n/a,n/a,n/a,n/a,128,127.98,437.84,100,250,252.24,437.56,100,4,5.05,437.41,99.95,task-ils,sub-cp016,ses-20210528,level-02Brun-010
139,/task-ils/sub-cp016/ses-20210528/level-03Brun-002,128,126.92,466.09,100,128,126.92,466.09,100,128,127.98,465.48,100,n/a,n/a,n/a,n/a,128,127.97,465.53,100,250,252.27,465.44,100,4,5.22,465.29,100,task-ils,sub-cp016,ses-20210528,level-03Brun-002
140,/task-ils/sub-cp016/ses-20210528/level-03Brun-005,128,128.01,453.51,100,128,128.01,453.51,100,128,127.99,453.68,100,n/a,n/a,n/a,n/a,128,127.99,453.53,100,250,252.24,453.59,100,4,5.19,453.34,99.87,task-ils,sub-cp016,ses-20210528,level-03Brun-005
141,/task-ils/sub-cp016/ses-20210528/level-03Brun-011,128,127.81,453.81,100,128,127.81,453.81,100,128,127.99,453.2,100,n/a,n/a,n/a,n/a,128,127.99,453.15,100,250,252.48,452.98,100,4,5.25,452.87,100,task-ils,sub-cp016,ses-20210528,level-03Brun-011
142,/task-ils/sub-cp016/ses-20210528/level-04Brun-004,128,127.99,433.57,100,128,127.99,433.57,100,128,127.98,433.55,100,n/a,n/a,n/a,n/a,128,127.98,433.41,100,250,252.45,433.56,100,4,5.16,433.41,100,task-ils,sub-cp016,ses-20210528,level-04Brun-004
143,/task-ils/sub-cp016/ses-20210528/level-04Brun-006,128,127.98,430.65,100,128,127.98,430.65,100,128,127.99,430.56,100,n/a,n/a,n/a,n/a,128,127.98,430.68,100,250,252.15,430.55,100,4,4.7,430.47,99.8,task-ils,sub-cp016,ses-20210528,level-04Brun-006
144,/task-ils/sub-cp016/ses-20210528/level-04Brun-009,128,128,401.86,100,128,128,401.86,100,128,127.98,402.19,100,n/a,n/a,n/a,n/a,128,127.99,402.2,100,250,252.27,402.51,100,4,5.17,402.37,100,task-ils,sub-cp016,ses-20210528,level-04Brun-009
145,/task-ils/sub-cp017/ses-20210521/level-01Brun-001,128,127.65,426.11,100,128,127.65,426.11,100,128,127.99,425.96,100,n/a,n/a,n/a,n/a,128,121.09,419.66,0,250,252.12,426.03,100,4,5.26,425.95,99.96,task-ils,sub-cp017,ses-20210521,level-01Brun-001
146,/task-ils/sub-cp017/ses-20210521/level-01Brun-007,128,127.69,425.57,100,128,127.69,425.57,100,128,125.42,426.39,100,n/a,n/a,n/a,n/a,128,125.67,422.06,100,250,252.34,425.46,100,4,4.46,425.4,99.84,task-ils,sub-cp017,ses-20210521,level-01Brun-007
147,/task-ils/sub-cp017/ses-20210521/level-01Brun-012,128,127.69,429.17,100,128,127.69,429.17,100,128,125.02,431.02,98.56,n/a,n/a,n/a,n/a,128,127.68,428.45,100,250,252.35,428.96,100,4,4.35,428.86,99.73,task-ils,sub-cp017,ses-20210521,level-01Brun-012
148,/task-ils/sub-cp017/ses-20210521/level-02Brun-003,128,127.63,460.11,100,128,127.63,460.11,100,128,128.03,458.55,100,n/a,n/a,n/a,n/a,128,127.48,459.24,100,250,252.36,459.96,100,4,5.09,460,99.91,task-ils,sub-cp017,ses-20210521,level-02Brun-003
149,/task-ils/sub-cp017/ses-20210521/level-02Brun-008,128,127.67,462.05,100,128,127.67,462.05,100,128,127.99,461.44,100,n/a,n/a,n/a,n/a,128,127.54,461.21,100,250,252.32,462,100,4,4.67,461.95,99.95,task-ils,sub-cp017,ses-20210521,level-02Brun-008
150,/task-ils/sub-cp017/ses-20210521/level-02Brun-010,128,127.56,453.66,100,128,127.56,453.66,100,128,128,453.7,100,n/a,n/a,n/a,n/a,128,127.63,453.1,100,250,252.24,454.07,100,4,4.61,453.97,99.47,task-ils,sub-cp017,ses-20210521,level-02Brun-010
151,/task-ils/sub-cp017/ses-20210521/level-03Brun-002,128,127.68,459.4,100,128,127.68,459.4,100,128,127.97,459.7,100,n/a,n/a,n/a,n/a,128,108.17,451.93,0,250,252.32,459.56,100,4,5.24,459.29,100,task-ils,sub-cp017,ses-20210521,level-03Brun-002
152,/task-ils/sub-cp017/ses-20210521/level-03Brun-005,128,127.65,493.61,100,128,127.65,493.61,100,128,127.92,493.78,100,n/a,n/a,n/a,n/a,128,127.66,493.65,100,250,252.25,493.61,100,4,5.17,493.43,99.88,task-ils,sub-cp017,ses-20210521,level-03Brun-005
153,/task-ils/sub-cp017/ses-20210521/level-03Brun-011,128,127.69,457.1,100,128,127.69,457.1,100,128,127.75,451.86,100,n/a,n/a,n/a,n/a,128,114.51,457.77,71.85,250,252.15,457.01,100,4,4.76,456.79,99.77,task-ils,sub-cp017,ses-20210521,level-03Brun-011
154,/task-ils/sub-cp017/ses-20210521/level-04Brun-004,128,127.69,442.63,100,128,127.69,442.63,100,128,127.98,442.6,100,n/a,n/a,n/a,n/a,128,106.86,451.44,0,250,252.39,442.55,100,4,5.18,442.48,100,task-ils,sub-cp017,ses-20210521,level-04Brun-004
155,/task-ils/sub-cp017/ses-20210521/level-04Brun-006,128,127.68,458.54,100,128,127.68,458.54,100,128,127.54,451.77,100,n/a,n/a,n/a,n/a,128,127.3,458,100,250,252.18,458.62,100,4,4.7,458.39,99.72,task-ils,sub-cp017,ses-20210521,level-04Brun-006
156,/task-ils/sub-cp017/ses-20210521/level-04Brun-009,128,127.69,524.1,100,128,127.69,524.1,100,128,127.54,521.76,100,n/a,n/a,n/a,n/a,128,112.02,526.26,4.41,250,252.21,523.52,100,4,4.71,523.94,99.68,task-ils,sub-cp017,ses-20210521,level-04Brun-009
157,/task-ils/sub-cp018/ses-20210709/level-01Brun-001,128,127.99,408.63,100,128,127.99,408.63,100,128,127.97,408.61,100,n/a,n/a,n/a,n/a,128,128,408.65,100,250,251.99,408.75,100,4,5.19,408.43,99.91,task-ils,sub-cp018,ses-20210709,level-01Brun-001
158,/task-ils/sub-cp018/ses-20210709/level-01Brun-007,128,127.99,414.06,100,128,127.99,414.06,100,128,127.98,414.25,100,n/a,n/a,n/a,n/a,128,127.99,414.08,100,250,251.47,414.14,100,4,4.39,413.91,99.83,task-ils,sub-cp018,ses-20210709,level-01Brun-007
159,/task-ils/sub-cp018/ses-20210709/level-01Brun-012,128,127.99,403.5,100,128,127.99,403.5,100,128,127.97,403.68,100,n/a,n/a,n/a,n/a,128,127.97,403.67,100,250,251.46,403.55,100,4,4.27,403.37,99.54,task-ils,sub-cp018,ses-20210709,level-01Brun-012
160,/task-ils/sub-cp018/ses-20210709/level-02Brun-003,128,127.99,510.63,100,128,127.99,510.63,100,128,127.98,510.62,100,n/a,n/a,n/a,n/a,128,127.99,510.67,100,250,251.99,509.84,100,4,5.02,510.32,99.96,task-ils,sub-cp018,ses-20210709,level-02Brun-003
161,/task-ils/sub-cp018/ses-20210709/level-02Brun-008,128,127.98,431.08,100,128,127.98,431.08,100,128,128.01,430.39,100,n/a,n/a,n/a,n/a,128,127.98,431.06,100,250,251.47,430.87,100,4,4.48,430.5,99.69,task-ils,sub-cp018,ses-20210709,level-02Brun-008
162,/task-ils/sub-cp018/ses-20210709/level-02Brun-010,128,127.99,433.55,100,128,127.99,433.55,100,128,127.98,433.46,100,n/a,n/a,n/a,n/a,128,127.99,433.62,100,250,251.3,434.01,100,4,4.54,433.39,99.75,task-ils,sub-cp018,ses-20210709,level-02Brun-010
163,/task-ils/sub-cp018/ses-20210709/level-03Brun-002,128,127.98,434.67,100,128,127.98,434.67,100,128,127.98,434.55,100,n/a,n/a,n/a,n/a,128,127.97,434.6,100,250,251.95,434.52,100,4,5.2,434.39,99.96,task-ils,sub-cp018,ses-20210709,level-03Brun-002
164,/task-ils/sub-cp018/ses-20210709/level-03Brun-005,128,127.99,443.57,100,128,127.99,443.57,100,128,127.98,443.68,100,n/a,n/a,n/a,n/a,128,128,443.58,100,250,251.51,443.56,100,4,5.12,443.39,100,task-ils,sub-cp018,ses-20210709,level-03Brun-005
165,/task-ils/sub-cp018/ses-20210709/level-03Brun-011,128,127.98,448.71,100,128,127.98,448.71,100,128,127.98,448.6,100,n/a,n/a,n/a,n/a,128,127.97,448.6,100,250,251.2,448.51,100,4,4.57,448.4,99.27,task-ils,sub-cp018,ses-20210709,level-03Brun-011
166,/task-ils/sub-cp018/ses-20210709/level-04Brun-004,128,127.99,439.48,100,128,127.99,439.48,100,128,127.98,439.52,100,n/a,n/a,n/a,n/a,128,128.01,439.46,100,250,251.67,439.39,100,4,5.04,439.5,99.82,task-ils,sub-cp018,ses-20210709,level-04Brun-004
167,/task-ils/sub-cp018/ses-20210709/level-04Brun-006,128,127.99,424.05,100,128,127.99,424.05,100,128,127.99,424.09,100,n/a,n/a,n/a,n/a,128,127.99,423.54,100,250,251.29,424.04,100,4,4.58,423.94,99.54,task-ils,sub-cp018,ses-20210709,level-04Brun-006
168,/task-ils/sub-cp018/ses-20210709/level-04Brun-009,128,127.99,432.01,100,128,127.99,432.01,100,128,127.98,431.49,100,n/a,n/a,n/a,n/a,128,127.99,432.1,100,250,251.37,432.01,100,4,4.63,431.49,99.65,task-ils,sub-cp018,ses-20210709,level-04Brun-009
169,/task-ils/sub-cp019/ses-20210625/level-01Brun-001,128,127.67,564.1,100,128,127.67,564.1,100,128,127.97,563.52,100,n/a,n/a,n/a,n/a,128,127.69,563.87,100,250,252.75,563.36,100,4,5.56,563.84,99.97,task-ils,sub-cp019,ses-20210625,level-01Brun-001
170,/task-ils/sub-cp019/ses-20210625/level-01Brun-007,128,127.68,466.04,100,128,127.68,466.04,100,128,127.98,466.04,100,n/a,n/a,n/a,n/a,128,127.69,466.14,100,250,253.27,464.95,100,4,5.06,465.93,100,task-ils,sub-cp019,ses-20210625,level-01Brun-007
171,/task-ils/sub-cp019/ses-20210625/level-01Brun-012,128,127.68,437.15,100,128,127.68,437.15,100,128,127.98,437.03,100,n/a,n/a,n/a,n/a,128,127.7,436.38,100,250,252.96,436.86,100,4,5.27,436.37,99.96,task-ils,sub-cp019,ses-20210625,level-01Brun-012
172,/task-ils/sub-cp019/ses-20210625/level-02Brun-003,128,127.67,469.57,100,128,127.67,469.57,100,128,127.97,469.77,100,n/a,n/a,n/a,n/a,128,127.64,469.85,100,250,253.07,469.3,100,4,5.5,469.44,100,task-ils,sub-cp019,ses-20210625,level-02Brun-003
173,/task-ils/sub-cp019/ses-20210625/level-02Brun-008,128,127.66,492.04,100,128,127.66,492.04,100,128,127.98,492.14,100,n/a,n/a,n/a,n/a,128,127.7,491.55,100,250,253.05,492.13,100,4,5.31,491.93,100,task-ils,sub-cp019,ses-20210625,level-02Brun-008
174,/task-ils/sub-cp019/ses-20210625/level-02Brun-010,128,127.59,468.89,100,128,127.59,468.89,100,128,127.99,469.14,100,n/a,n/a,n/a,n/a,128,127.63,469.32,100,250,253.1,468.94,100,4,5.45,468.94,99.96,task-ils,sub-cp019,ses-20210625,level-02Brun-010
175,/task-ils/sub-cp019/ses-20210625/level-03Brun-002,128,127.68,488.05,100,128,127.68,488.05,100,128,127.98,488.01,100,n/a,n/a,n/a,n/a,128,127.68,488.2,100,250,252.84,487.97,100,4,5.75,487.86,100,task-ils,sub-cp019,ses-20210625,level-03Brun-002
176,/task-ils/sub-cp019/ses-20210625/level-03Brun-005,128,127.68,479.94,100,128,127.68,479.94,100,128,127.99,480.46,100,n/a,n/a,n/a,n/a,128,127.7,479.66,100,250,253.21,480.43,100,4,5.57,480.36,100,task-ils,sub-cp019,ses-20210625,level-03Brun-005
177,/task-ils/sub-cp019/ses-20210625/level-03Brun-011,128,127.65,496.66,100,128,127.65,496.66,100,128,127.98,496.58,100,n/a,n/a,n/a,n/a,128,127.65,496.61,100,250,252.85,497.25,100,4,5.58,496.32,99.96,task-ils,sub-cp019,ses-20210625,level-03Brun-011
178,/task-ils/sub-cp019/ses-20210625/level-04Brun-004,128,127.67,511.04,100,128,127.67,511.04,100,128,127.98,511.16,100,n/a,n/a,n/a,n/a,128,124.3,514.49,100,250,253.19,511.19,100,4,5.38,510.85,100,task-ils,sub-cp019,ses-20210625,level-04Brun-004
179,/task-ils/sub-cp019/ses-20210625/level-04Brun-006,128,127.65,498.9,100,128,127.65,498.9,100,128,127.98,499.08,100,n/a,n/a,n/a,n/a,128,127.63,494.75,100,250,253.11,499.11,100,4,5.3,498.89,99.96,task-ils,sub-cp019,ses-20210625,level-04Brun-006
180,/task-ils/sub-cp019/ses-20210625/level-04Brun-009,128,127.65,530.16,100,128,127.65,530.16,100,128,127.98,530.07,100,n/a,n/a,n/a,n/a,128,127.68,530.36,100,250,253,530,100,4,5.27,529.87,99.93,task-ils,sub-cp019,ses-20210625,level-04Brun-009
181,/task-ils/sub-cp020/ses-20210604/level-01Brun-001,128,127.98,428.12,100,128,127.98,428.12,100,128,127.99,428.13,100,n/a,n/a,n/a,n/a,128,127.96,428.07,100,250,252.32,428.14,100,4,5.25,422.73,100,task-ils,sub-cp020,ses-20210604,level-01Brun-001
182,/task-ils/sub-cp020/ses-20210604/level-01Brun-007,128,128,465.13,100,128,128,465.13,100,128,127.92,465.17,100,n/a,n/a,n/a,n/a,128,128.01,464.96,100,250,252.52,465.64,100,4,4.28,464.78,98.74,task-ils,sub-cp020,ses-20210604,level-01Brun-007
183,/task-ils/sub-cp020/ses-20210604/level-01Brun-012,128,127.99,474,100,128,127.99,474,100,128,127.93,474.59,100,n/a,n/a,n/a,n/a,128,128,474.59,100,250,252.72,474.58,100,4,5.44,473.91,100,task-ils,sub-cp020,ses-20210604,level-01Brun-012
184,/task-ils/sub-cp020/ses-20210604/level-02Brun-003,128,127.99,474.68,100,128,127.99,474.68,100,128,127.98,474.65,100,n/a,n/a,n/a,n/a,128,127.96,474.72,100,250,252.51,474.68,100,4,4.89,474.5,99.91,task-ils,sub-cp020,ses-20210604,level-02Brun-003
185,/task-ils/sub-cp020/ses-20210604/level-02Brun-008,128,127.98,483.11,100,128,127.98,483.11,100,128,127.95,483.22,100,n/a,n/a,n/a,n/a,128,127.99,483.05,100,250,252.66,482.96,100,4,5.17,482.35,99.96,task-ils,sub-cp020,ses-20210604,level-02Brun-008
186,/task-ils/sub-cp020/ses-20210604/level-02Brun-010,128,127.99,492.52,100,128,127.99,492.52,100,128,127.99,492.25,100,n/a,n/a,n/a,n/a,128,127.97,492.78,100,250,252.8,492.57,100,4,5.36,492.49,100,task-ils,sub-cp020,ses-20210604,level-02Brun-010
187,/task-ils/sub-cp020/ses-20210604/level-03Brun-002,128,127.92,175.46,100,128,127.92,175.46,100,128,128,175.64,100,n/a,n/a,n/a,n/a,128,127.9,175.46,100,250,252.24,175.57,100,4,5.31,172.8,100,task-ils,sub-cp020,ses-20210604,level-03Brun-002
188,/task-ils/sub-cp020/ses-20210604/level-03Brun-005,128,127.98,449.68,100,128,127.98,449.68,100,128,127.99,449.28,100,n/a,n/a,n/a,n/a,128,127.97,449.7,100,250,252.11,449.75,100,4,4.97,449.32,100,task-ils,sub-cp020,ses-20210604,level-03Brun-005
189,/task-ils/sub-cp020/ses-20210604/level-03Brun-011,128,127.98,480.55,100,128,127.98,480.55,100,128,127.96,481.19,100,n/a,n/a,n/a,n/a,128,127.98,480.52,100,250,252.85,481.05,100,4,5.63,480.91,100,task-ils,sub-cp020,ses-20210604,level-03Brun-011
190,/task-ils/sub-cp020/ses-20210604/level-04Brun-004,128,128,444.96,100,128,128,444.96,100,128,127.99,445.13,100,n/a,n/a,n/a,n/a,128,127.97,445.06,100,250,252.41,445.05,100,4,5.17,442.31,99.87,task-ils,sub-cp020,ses-20210604,level-04Brun-004
191,/task-ils/sub-cp020/ses-20210604/level-04Brun-006,128,127.99,438.62,100,128,127.99,438.62,100,128,127.99,438.95,100,n/a,n/a,n/a,n/a,128,127.95,438.79,100,250,252.59,438.36,100,4,4.44,431.48,99.16,task-ils,sub-cp020,ses-20210604,level-04Brun-006
192,/task-ils/sub-cp020/ses-20210604/level-04Brun-009,128,127.89,533.56,100,128,127.89,533.56,100,128,127.98,533.61,100,n/a,n/a,n/a,n/a,128,127.99,533.59,100,250,252.96,533.5,100,4,5.24,530.81,100,task-ils,sub-cp020,ses-20210604,level-04Brun-009
193,/task-ils/sub-cp022/ses-20210621/level-01Brun-001,128,127.64,428.72,100,128,127.64,428.72,100,128,127.97,428.65,100,n/a,n/a,n/a,n/a,128,127.67,428.57,100,250,252.84,428.51,100,4,5.54,428.5,100,task-ils,sub-cp022,ses-20210621,level-01Brun-001
194,/task-ils/sub-cp022/ses-20210621/level-01Brun-007,128,127.66,418.96,100,128,127.66,418.96,100,128,127.98,419.24,100,n/a,n/a,n/a,n/a,128,127.61,419.25,100,250,252.48,419.12,100,4,4.29,418.95,98.5,task-ils,sub-cp022,ses-20210621,level-01Brun-007
195,/task-ils/sub-cp022/ses-20210621/level-01Brun-012,128,127.57,408.1,100,128,127.57,408.1,100,128,127.98,408.11,100,n/a,n/a,n/a,n/a,128,127.68,408.07,100,250,252.43,408.12,100,4,4.52,407.81,99.89,task-ils,sub-cp022,ses-20210621,level-01Brun-012
196,/task-ils/sub-cp022/ses-20210621/level-02Brun-003,128,127.68,440.03,100,128,127.68,440.03,100,128,128,439.68,100,n/a,n/a,n/a,n/a,128,127.67,439.7,100,250,252.99,439.95,100,4,5.47,439.33,100,task-ils,sub-cp022,ses-20210621,level-02Brun-003
197,/task-ils/sub-cp022/ses-20210621/level-02Brun-008,128,127.66,501.63,100,128,127.66,501.63,100,128,127.98,501.5,100,n/a,n/a,n/a,n/a,128,127.68,501.37,100,250,252.6,501.49,100,4,4.48,501.45,99.51,task-ils,sub-cp022,ses-20210621,level-02Brun-008
198,/task-ils/sub-cp022/ses-20210621/level-02Brun-010,128,127.68,449.55,100,128,127.68,449.55,100,128,127.99,449.28,100,n/a,n/a,n/a,n/a,128,127.67,449.69,100,250,252.48,449.57,100,4,4.74,449.5,99.62,task-ils,sub-cp022,ses-20210621,level-02Brun-010
199,/task-ils/sub-cp022/ses-20210621/level-03Brun-002,128,127.69,475.07,100,128,127.69,475.07,100,128,127.99,475.09,100,n/a,n/a,n/a,n/a,128,127.66,475.07,100,250,252.81,475.04,100,4,5.63,474.94,100,task-ils,sub-cp022,ses-20210621,level-03Brun-002
200,/task-ils/sub-cp022/ses-20210621/level-03Brun-005,128,127.67,443.08,100,128,127.67,443.08,100,128,127.99,442.85,100,n/a,n/a,n/a,n/a,128,127.68,443.01,100,250,252.91,443.04,100,4,5.52,442.9,100,task-ils,sub-cp022,ses-20210621,level-03Brun-005
201,/task-ils/sub-cp022/ses-20210621/level-03Brun-011,128,127.66,431.17,100,128,127.66,431.17,100,128,127.98,431.69,100,n/a,n/a,n/a,n/a,128,127.68,431.11,100,250,252.4,431.47,100,4,4.86,431.37,99.76,task-ils,sub-cp022,ses-20210621,level-03Brun-011
202,/task-ils/sub-cp022/ses-20210621/level-04Brun-004,128,127.67,448.73,100,128,127.67,448.73,100,128,127.99,448.52,100,n/a,n/a,n/a,n/a,128,127.68,448.51,100,250,252.6,448.5,100,4,5.35,448.46,100,task-ils,sub-cp022,ses-20210621,level-04Brun-004
203,/task-ils/sub-cp022/ses-20210621/level-04Brun-006,128,127.67,434.23,100,128,127.67,434.23,100,128,127.98,434.12,100,n/a,n/a,n/a,n/a,128,127.68,434.17,100,250,252.55,434.08,100,4,4.51,433.93,99.69,task-ils,sub-cp022,ses-20210621,level-04Brun-006
204,/task-ils/sub-cp022/ses-20210621/level-04Brun-009,128,127.68,467.03,100,128,127.68,467.03,100,128,128.01,466.51,100,n/a,n/a,n/a,n/a,128,127.68,466.9,100,250,252.59,467,100,4,4.41,466.32,98.73,task-ils,sub-cp022,ses-20210621,level-04Brun-009
205,/task-ils/sub-cp023/ses-20210628/level-01Brun-001,128,127.99,576,100,128,127.99,576,100,128,127.98,576.08,100,n/a,n/a,n/a,n/a,128,127.66,576.49,100,250,254.86,574.84,100,4,5.58,575.39,100,task-ils,sub-cp023,ses-20210628,level-01Brun-001
206,/task-ils/sub-cp023/ses-20210628/level-01Brun-007,128,127.98,417.7,100,128,127.98,417.7,100,128,127.98,418.15,100,n/a,n/a,n/a,n/a,128,127.68,417.61,100,250,254.52,418.41,100,4,4.45,417.49,99.89,task-ils,sub-cp023,ses-20210628,level-01Brun-007
207,/task-ils/sub-cp023/ses-20210628/level-01Brun-012,128,127.96,379.13,100,128,127.96,379.13,100,128,127.99,379.65,100,n/a,n/a,n/a,n/a,128,127.67,379.68,100,250,255.04,379.37,100,4,5.15,379.39,100,task-ils,sub-cp023,ses-20210628,level-01Brun-012
208,/task-ils/sub-cp023/ses-20210628/level-02Brun-003,128,127.99,461.53,100,128,127.99,461.53,100,128,127.98,461.58,100,n/a,n/a,n/a,n/a,128,127.68,461.55,100,250,255.42,460.9,100,4,5.42,461.35,99.96,task-ils,sub-cp023,ses-20210628,level-02Brun-003
209,/task-ils/sub-cp023/ses-20210628/level-02Brun-008,128,127.99,450.95,100,128,127.99,450.95,100,128,127.98,451.18,100,n/a,n/a,n/a,n/a,128,127.68,450.93,100,250,254.79,451.6,100,4,4.93,450.88,99.95,task-ils,sub-cp023,ses-20210628,level-02Brun-008
210,/task-ils/sub-cp023/ses-20210628/level-02Brun-010,128,127.99,496.18,100,128,127.99,496.18,100,128,127.99,496.07,100,n/a,n/a,n/a,n/a,128,127.68,496.02,100,250,254.72,493.91,100,4,5.32,495.94,99.89,task-ils,sub-cp023,ses-20210628,level-02Brun-010
211,/task-ils/sub-cp023/ses-20210628/level-03Brun-002,128,127.98,474.09,100,128,127.98,474.09,100,128,127.98,474.05,100,n/a,n/a,n/a,n/a,128,127.69,474.01,100,250,255.01,474.26,100,4,5.65,473.83,100,task-ils,sub-cp023,ses-20210628,level-03Brun-002
212,/task-ils/sub-cp023/ses-20210628/level-03Brun-005,128,127.98,418.11,100,128,127.98,418.11,100,128,127.99,418.13,100,n/a,n/a,n/a,n/a,128,127.68,418.08,100,250,254.98,417.97,100,4,5.33,417.92,100,task-ils,sub-cp023,ses-20210628,level-03Brun-005
213,/task-ils/sub-cp023/ses-20210628/level-03Brun-011,128,127.98,400.1,100,128,127.98,400.1,100,128,127.99,400.07,100,n/a,n/a,n/a,n/a,128,127.67,400.02,100,250,255.33,399.42,100,4,5.3,399.94,99.95,task-ils,sub-cp023,ses-20210628,level-03Brun-011
214,/task-ils/sub-cp023/ses-20210628/level-04Brun-004,128,127.98,461.72,100,128,127.98,461.72,100,128,127.98,461.61,100,n/a,n/a,n/a,n/a,128,127.67,462.22,100,250,255.28,462.69,100,4,5.41,461.46,100,task-ils,sub-cp023,ses-20210628,level-04Brun-004
215,/task-ils/sub-cp023/ses-20210628/level-04Brun-006,128,127.98,408.61,100,128,127.98,408.61,100,128,127.98,408.73,100,n/a,n/a,n/a,n/a,128,127.69,408.43,100,250,255.08,407.99,100,4,4.96,408.41,99.9,task-ils,sub-cp023,ses-20210628,level-04Brun-006
216,/task-ils/sub-cp023/ses-20210628/level-04Brun-009,128,127.98,465.16,100,128,127.98,465.16,100,128,127.98,465.12,100,n/a,n/a,n/a,n/a,128,127.68,465.08,100,250,254.93,464.76,100,4,5.05,464.91,99.74,task-ils,sub-cp023,ses-20210628,level-04Brun-009
217,/task-ils/sub-cp024/ses-20210629/level-01Brun-001,128,127.98,597.58,100,128,127.98,597.58,100,128,127.98,598.12,100,n/a,n/a,n/a,n/a,128,127.66,598.11,100,250,252.46,597.38,100,4,5.5,597.32,100,task-ils,sub-cp024,ses-20210629,level-01Brun-001
218,/task-ils/sub-cp024/ses-20210629/level-01Brun-007,128,127.98,486.7,100,128,127.98,486.7,100,128,127.99,486.66,100,n/a,n/a,n/a,n/a,128,127.67,486.52,100,250,252.66,486.32,100,4,5.08,462.68,100,task-ils,sub-cp024,ses-20210629,level-01Brun-007
219,/task-ils/sub-cp024/ses-20210629/level-01Brun-012,128,127.99,443.55,100,128,127.99,443.55,100,128,127.99,443.5,100,n/a,n/a,n/a,n/a,128,127.68,443.65,100,250,251.95,443.65,100,4,5.1,443.4,100,task-ils,sub-cp024,ses-20210629,level-01Brun-012
220,/task-ils/sub-cp024/ses-20210629/level-02Brun-003,128,127.98,478.5,100,128,127.98,478.5,100,128,128,478.62,100,n/a,n/a,n/a,n/a,128,127.65,478.53,100,250,252.7,478.21,100,4,5.46,478.41,100,task-ils,sub-cp024,ses-20210629,level-02Brun-003
221,/task-ils/sub-cp024/ses-20210629/level-02Brun-008,128,127.99,413.68,100,128,127.99,413.68,100,128,128,413.52,100,n/a,n/a,n/a,n/a,128,127.68,413.56,100,250,252.6,413.12,100,4,4.56,412.86,99.26,task-ils,sub-cp024,ses-20210629,level-02Brun-008
222,/task-ils/sub-cp024/ses-20210629/level-02Brun-010,128,127.99,472.68,100,128,127.99,472.68,100,128,127.99,472.71,100,n/a,n/a,n/a,n/a,128,127.67,472.62,100,250,252.48,472.51,100,4,4.48,472.5,99.43,task-ils,sub-cp024,ses-20210629,level-02Brun-010
223,/task-ils/sub-cp024/ses-20210629/level-03Brun-002,128,127.99,495.6,100,128,127.99,495.6,100,128,127.98,495.69,100,n/a,n/a,n/a,n/a,128,127.68,495.53,100,250,252.02,496.14,100,4,5.59,495.39,99.96,task-ils,sub-cp024,ses-20210629,level-03Brun-002
224,/task-ils/sub-cp024/ses-20210629/level-03Brun-005,128,127.98,478.12,100,128,127.98,478.12,100,128,127.99,478.11,100,n/a,n/a,n/a,n/a,128,127.67,477.92,100,250,252.3,477.57,100,4,5.03,477.91,100,task-ils,sub-cp024,ses-20210629,level-03Brun-005
225,/task-ils/sub-cp024/ses-20210629/level-03Brun-011,128,127.99,446.02,100,128,127.99,446.02,100,128,127.99,446.1,100,n/a,n/a,n/a,n/a,128,127.67,446.03,100,250,252.42,445.7,100,4,4.59,446,99.46,task-ils,sub-cp024,ses-20210629,level-03Brun-011
226,/task-ils/sub-cp024/ses-20210629/level-04Brun-004,128,127.98,409.61,100,128,127.98,409.61,100,128,127.96,409.45,100,n/a,n/a,n/a,n/a,128,127.69,408.85,100,250,251.92,409.83,100,4,5.2,408.83,99.76,task-ils,sub-cp024,ses-20210629,level-04Brun-004
227,/task-ils/sub-cp024/ses-20210629/level-04Brun-006,128,127.98,391.08,100,128,127.98,391.08,100,128,127.73,391.26,100,n/a,n/a,n/a,n/a,128,127.67,391.05,100,250,252.37,391.5,100,4,5.19,388.44,99.9,task-ils,sub-cp024,ses-20210629,level-04Brun-006
228,/task-ils/sub-cp024/ses-20210629/level-04Brun-009,128,127.98,360.09,100,128,127.98,360.09,100,128,127.98,360.07,100,n/a,n/a,n/a,n/a,128,127.67,360.2,100,250,251.15,360.32,100,4,4.4,349.79,99.42,task-ils,sub-cp024,ses-20210629,level-04Brun-009
229,/task-ils/sub-cp025/ses-20210820/level-01Brun-001,128,127.98,449.58,100,128,127.98,449.58,100,128,127.98,449.73,100,1024,1024.01,450,100,128,127.99,449.65,100,250,253.11,449.46,100,4,5.31,449.5,99.92,task-ils,sub-cp025,ses-20210820,level-01Brun-001
230,/task-ils/sub-cp025/ses-20210820/level-01Brun-007,128,127.98,415.68,100,128,127.98,415.68,100,128,127.98,415.52,100,1024,1024.01,416,100,128,127.81,415.88,100,250,253.11,415.46,100,4,5.18,415.32,100,task-ils,sub-cp025,ses-20210820,level-01Brun-007
231,/task-ils/sub-cp025/ses-20210820/level-01Brun-012,128,127.99,433.02,100,128,127.99,433.02,100,128,127.98,433.07,100,1024,1024.01,433,100,128,127.98,433.12,100,250,253.04,433.02,100,4,5.69,432.85,100,task-ils,sub-cp025,ses-20210820,level-01Brun-012
232,/task-ils/sub-cp025/ses-20210820/level-02Brun-003,128,127.98,468.62,100,128,127.98,468.62,100,128,127.99,468.6,100,1024,1024.02,468,100,128,127.99,468.54,100,250,253.19,468.53,100,4,5.26,468.43,99.92,task-ils,sub-cp025,ses-20210820,level-02Brun-003
233,/task-ils/sub-cp025/ses-20210820/level-02Brun-008,128,127.99,458.19,100,128,127.99,458.19,100,128,127.99,458.62,100,1024,1024.01,458,100,128,127.99,458.62,100,250,253.12,458.55,100,4,5.15,457.83,100,task-ils,sub-cp025,ses-20210820,level-02Brun-008
234,/task-ils/sub-cp025/ses-20210820/level-02Brun-010,128,127.99,434.55,100,128,127.99,434.55,100,128,127.98,434.57,100,1024,1024.01,435,100,128,127.99,434.75,100,250,253.16,434.54,100,4,5.22,434.43,100,task-ils,sub-cp025,ses-20210820,level-02Brun-010
235,/task-ils/sub-cp025/ses-20210820/level-03Brun-002,128,127.98,462.03,100,128,127.98,462.03,100,128,127.98,462.13,100,1024,1024.02,462,100,128,127.98,461.99,100,250,252.99,462.02,100,4,5.24,461.83,99.79,task-ils,sub-cp025,ses-20210820,level-03Brun-002
236,/task-ils/sub-cp025/ses-20210820/level-03Brun-005,128,127.98,483.65,100,128,127.98,483.65,100,128,127.99,483.59,100,1024,1024.02,483,100,128,127.98,483.56,100,250,253.18,483.47,100,4,5.27,483.43,100,task-ils,sub-cp025,ses-20210820,level-03Brun-005
237,/task-ils/sub-cp025/ses-20210820/level-03Brun-011,128,127.99,466.12,100,128,127.99,466.12,100,128,127.8,466.12,100,1024,1024.01,466,100,128,127.95,466.03,100,250,253.1,466.04,100,4,5.26,465.88,100,task-ils,sub-cp025,ses-20210820,level-03Brun-011
238,/task-ils/sub-cp025/ses-20210820/level-04Brun-004,128,127.99,437.18,100,128,127.99,437.18,100,128,127.99,437.12,100,1024,1024.01,437,100,128,127.99,437.21,100,250,252.97,437.59,100,4,5.24,427.26,99.96,task-ils,sub-cp025,ses-20210820,level-04Brun-004
239,/task-ils/sub-cp025/ses-20210820/level-04Brun-006,128,127.98,449.11,100,128,127.98,449.11,100,128,127.99,449.2,100,1024,1024.01,449,100,128,127.99,449.09,100,250,253.1,448.97,100,4,5.16,448.84,99.96,task-ils,sub-cp025,ses-20210820,level-04Brun-006
240,/task-ils/sub-cp025/ses-20210820/level-04Brun-009,128,127.98,489.51,100,128,127.98,489.51,100,128,127.99,489.54,100,1024,1024.01,489,100,128,127.98,489.52,100,250,252.87,490.02,100,4,4.86,489.45,99.79,task-ils,sub-cp025,ses-20210820,level-04Brun-009
241,/task-ils/sub-cp026/ses-20210716/level-01Brun-001,128,127.98,454.57,100,128,127.98,454.57,100,128,97.31,473.94,0,n/a,n/a,n/a,n/a,128,126.36,455.84,90.17,250,252.42,454.99,100,4,5.2,454.48,99.92,task-ils,sub-cp026,ses-20210716,level-01Brun-001
242,/task-ils/sub-cp026/ses-20210716/level-01Brun-007,128,127.99,411.64,100,128,127.99,411.64,100,128,127.99,411.42,100,n/a,n/a,n/a,n/a,128,126.82,413.01,100,250,252.21,411.57,100,4,4.89,411.45,100,task-ils,sub-cp026,ses-20210716,level-01Brun-007
243,/task-ils/sub-cp026/ses-20210716/level-01Brun-012,128,127.98,417.14,100,128,127.98,417.14,100,128,127.86,417.23,100,n/a,n/a,n/a,n/a,128,128.04,416.76,100,250,252.48,417.48,100,4,5.28,416.86,100,task-ils,sub-cp026,ses-20210716,level-01Brun-012
244,/task-ils/sub-cp026/ses-20210716/level-02Brun-003,128,127.99,450.49,100,128,127.99,450.49,100,128,119.76,451.24,90,n/a,n/a,n/a,n/a,128,127.95,450.4,100,250,252.33,450.41,100,4,4.91,450.36,99.82,task-ils,sub-cp026,ses-20210716,level-02Brun-003
245,/task-ils/sub-cp026/ses-20210716/level-02Brun-008,128,127.98,442.08,100,128,127.98,442.08,100,128,121.86,443.67,68.84,n/a,n/a,n/a,n/a,128,124.82,441.58,100,250,252.2,442.02,100,4,4.93,441.98,99.86,task-ils,sub-cp026,ses-20210716,level-02Brun-008
246,/task-ils/sub-cp026/ses-20210716/level-02Brun-010,128,127.98,466.55,100,128,127.98,466.55,100,128,127.69,461.09,100,n/a,n/a,n/a,n/a,128,127.41,467.62,100,250,252.39,466.51,100,4,5.49,466.46,99.96,task-ils,sub-cp026,ses-20210716,level-02Brun-010
247,/task-ils/sub-cp026/ses-20210716/level-03Brun-002,128,127.99,483.11,100,128,127.99,483.11,100,128,117.83,479.59,89.14,n/a,n/a,n/a,n/a,128,128,482.97,100,250,252.19,482.97,100,4,5.17,482.46,99.96,task-ils,sub-cp026,ses-20210716,level-03Brun-002
248,/task-ils/sub-cp026/ses-20210716/level-03Brun-005,128,127.99,467.14,100,128,127.99,467.14,100,128,117.73,469.14,77.99,n/a,n/a,n/a,n/a,128,128,466.53,100,250,251.94,467.12,100,4,5.06,466.44,99.92,task-ils,sub-cp026,ses-20210716,level-03Brun-005
249,/task-ils/sub-cp026/ses-20210716/level-03Brun-011,128,127.99,450.6,100,128,127.99,450.6,100,128,127.75,442.74,100,n/a,n/a,n/a,n/a,128,127.77,450.81,100,250,252.36,450.46,100,4,5.55,450.34,99.96,task-ils,sub-cp026,ses-20210716,level-03Brun-011
250,/task-ils/sub-cp026/ses-20210716/level-04Brun-004,128,127.98,456.63,100,128,127.98,456.63,100,128,122.44,455.91,100,n/a,n/a,n/a,n/a,128,127.96,456.65,100,250,252.24,456.69,100,4,4.95,455.86,99.91,task-ils,sub-cp026,ses-20210716,level-04Brun-004
251,/task-ils/sub-cp026/ses-20210716/level-04Brun-006,128,127.99,446.5,100,128,127.99,446.5,100,128,126.26,445.88,100,n/a,n/a,n/a,n/a,128,127.99,448.33,100,250,252.15,446.58,100,4,4.94,446.44,99.86,task-ils,sub-cp026,ses-20210716,level-04Brun-006
252,/task-ils/sub-cp026/ses-20210716/level-04Brun-009,128,127.99,442.16,100,128,127.99,442.16,100,128,111.94,431.51,29.13,n/a,n/a,n/a,n/a,128,125.16,444.18,63.41,250,252.34,442.11,100,4,5.29,441.95,99.91,task-ils,sub-cp026,ses-20210716,level-04Brun-009
253,/task-ils/sub-cp027/ses-20210722/level-01Brun-001,128,127.67,424.64,100,128,127.67,424.64,100,128,128.02,424.35,100,n/a,n/a,n/a,n/a,128,993.79,424.56,100,250,NaN,0,0,4,5.25,424.46,100,task-ils,sub-cp027,ses-20210722,level-01Brun-001
254,/task-ils/sub-cp027/ses-20210722/level-01Brun-007,128,127.68,430.72,100,128,127.68,430.72,100,128,127.95,430.56,100,n/a,n/a,n/a,n/a,128,735.04,439.09,100,250,251.78,431.27,100,4,5.1,430.41,100,task-ils,sub-cp027,ses-20210722,level-01Brun-007
255,/task-ils/sub-cp027/ses-20210722/level-01Brun-012,128,127.66,428.76,100,128,127.66,428.76,100,128,127.99,428.45,100,n/a,n/a,n/a,n/a,128,951.14,426.97,100,250,252.76,428.25,100,4,5.03,428.37,99.95,task-ils,sub-cp027,ses-20210722,level-01Brun-012
256,/task-ils/sub-cp027/ses-20210722/level-02Brun-003,128,127.66,473.96,100,128,127.66,473.96,100,128,127.98,474.12,100,n/a,n/a,n/a,n/a,128,873.86,482.85,100,250,251.72,190.03,100,4,5.03,473.94,99.96,task-ils,sub-cp027,ses-20210722,level-02Brun-003
257,/task-ils/sub-cp027/ses-20210722/level-02Brun-008,128,127.67,464,100,128,127.67,464,100,128,128.02,463.94,100,n/a,n/a,n/a,n/a,128,840.93,445.54,100,250,252.3,463.84,100,4,5.23,463.92,99.96,task-ils,sub-cp027,ses-20210722,level-02Brun-008
258,/task-ils/sub-cp027/ses-20210722/level-02Brun-010,128,127.67,464.18,100,128,127.67,464.18,100,128,121.13,471.96,0,n/a,n/a,n/a,n/a,128,963.16,458.52,100,250,252.83,463.54,100,4,5.25,463.99,99.92,task-ils,sub-cp027,ses-20210722,level-02Brun-010
259,/task-ils/sub-cp027/ses-20210722/level-03Brun-002,128,127.63,485.57,100,128,127.63,485.57,100,128,128.07,485.36,100,n/a,n/a,n/a,n/a,128,1003.34,485.53,100,250,NaN,0,0,4,5.11,485.47,99.84,task-ils,sub-cp027,ses-20210722,level-03Brun-002
260,/task-ils/sub-cp027/ses-20210722/level-03Brun-005,128,127.67,478.69,100,128,127.67,478.69,100,128,128.03,478.66,100,n/a,n/a,n/a,n/a,128,696.43,506.62,100,250,251.8,478.89,100,4,5.12,478.43,99.92,task-ils,sub-cp027,ses-20210722,level-03Brun-005
261,/task-ils/sub-cp027/ses-20210722/level-03Brun-011,128,127.67,483.57,100,128,127.67,483.57,100,128,127.97,483.57,100,n/a,n/a,n/a,n/a,128,904.6,479,100,250,252.34,483.91,100,4,5.34,483.42,99.92,task-ils,sub-cp027,ses-20210722,level-03Brun-011
262,/task-ils/sub-cp027/ses-20210722/level-04Brun-004,128,127.63,478.13,100,128,127.63,478.13,100,128,128.03,477.95,100,n/a,n/a,n/a,n/a,128,917.82,483.8,100,250,251.81,477.99,100,4,5.08,477.8,99.92,task-ils,sub-cp027,ses-20210722,level-04Brun-004
263,/task-ils/sub-cp027/ses-20210722/level-04Brun-006,128,127.67,470.93,100,128,127.67,470.93,100,128,127.98,470.11,100,n/a,n/a,n/a,n/a,128,997.55,469.27,100,250,252.01,470.19,100,4,4.61,469.89,99.68,task-ils,sub-cp027,ses-20210722,level-04Brun-006
264,/task-ils/sub-cp027/ses-20210722/level-04Brun-009,128,127.63,460.17,100,128,127.63,460.17,100,128,128.07,460.11,100,n/a,n/a,n/a,n/a,128,803.66,466.85,100,250,252.53,460.19,100,4,5.26,459.94,99.96,task-ils,sub-cp027,ses-20210722,level-04Brun-009
265,/task-ils/sub-cp028/ses-20211214/level-01Brun-001,128,127.67,496.52,100,128,127.67,496.52,100,128,127.98,496.57,100,1024,1024.02,496.99,100,128,127.67,496.55,100,250,252.17,496.65,100,4,5.31,496.45,100,task-ils,sub-cp028,ses-20211214,level-01Brun-001
266,/task-ils/sub-cp028/ses-20211214/level-01Brun-007,128,127.67,405.47,100,128,127.67,405.47,100,128,127.98,405.62,100,1024,1024.02,405.99,100,128,127.68,405.67,100,250,251.96,405.62,100,4,4.86,405.35,100,task-ils,sub-cp028,ses-20211214,level-01Brun-007
267,/task-ils/sub-cp028/ses-20211214/level-01Brun-012,128,NaN,0,0,128,NaN,0,0,128,127.98,294.59,100,1024,1024.01,295,100,128,127.41,294.56,100,250,252.1,294.53,100,4,4.8,294.47,100,task-ils,sub-cp028,ses-20211214,level-01Brun-012
268,/task-ils/sub-cp028/ses-20211214/level-02Brun-003,128,127.66,462.18,100,128,127.66,462.18,100,128,127.97,462.27,100,1024,1024.02,461.99,100,128,127.68,462.15,100,250,252.17,461.98,100,4,5.36,461.98,100,task-ils,sub-cp028,ses-20211214,level-02Brun-003
269,/task-ils/sub-cp028/ses-20211214/level-02Brun-008,128,127.67,431.25,100,128,127.67,431.25,100,128,127.98,430.93,100,1024,1024.02,430.99,100,128,127.67,431.02,100,250,252.22,430.95,100,4,5.05,430.95,99.95,task-ils,sub-cp028,ses-20211214,level-02Brun-008
270,/task-ils/sub-cp028/ses-20211214/level-02Brun-010,128,127.68,439.58,100,128,127.68,439.58,100,128,127.98,439.57,100,1024,1024.01,439.99,100,128,127.67,439.94,100,250,252.34,439.93,100,4,5.06,439.44,100,task-ils,sub-cp028,ses-20211214,level-02Brun-010
271,/task-ils/sub-cp028/ses-20211214/level-03Brun-002,128,127.67,511.77,100,128,127.67,511.77,100,128,127.98,511.66,100,1024,1024.02,511.99,100,128,127.68,511.68,100,250,252.32,511.56,100,4,5.33,511.35,100,task-ils,sub-cp028,ses-20211214,level-03Brun-002
272,/task-ils/sub-cp028/ses-20211214/level-03Brun-005,128,127.67,438.03,100,128,127.67,438.03,100,128,127.98,438.14,100,1024,1024.01,437.99,100,128,127.67,438.03,100,250,252.01,438.02,100,4,5.28,437.88,100,task-ils,sub-cp028,ses-20211214,level-03Brun-005
273,/task-ils/sub-cp028/ses-20211214/level-03Brun-011,128,127.67,63.42,100,128,127.67,63.42,100,128,127.98,443.61,100,1024,1024.01,442.99,100,128,127.67,443.2,100,250,252.32,443.37,100,4,5.16,442.9,99.96,task-ils,sub-cp028,ses-20211214,level-03Brun-011
274,/task-ils/sub-cp028/ses-20211214/level-04Brun-004,128,127.67,478.15,100,128,127.67,478.15,100,128,127.98,478.22,100,1024,1024.02,478.99,100,128,127.68,478.22,100,250,252.14,478.68,100,4,5.29,477.84,100,task-ils,sub-cp028,ses-20211214,level-04Brun-004
275,/task-ils/sub-cp028/ses-20211214/level-04Brun-006,128,127.62,462.61,100,128,127.62,462.61,100,128,127.97,462.69,100,1024,1024.02,462.99,100,128,127.68,462.6,100,250,252.19,462.6,100,4,5.16,462.49,99.96,task-ils,sub-cp028,ses-20211214,level-04Brun-006
276,/task-ils/sub-cp028/ses-20211214/level-04Brun-009,128,127.68,418.21,100,128,127.68,418.21,100,128,127.98,418.07,100,1024,1024.02,417.99,100,128,127.67,418.2,100,250,252.38,418.08,100,4,5.36,417.9,99.96,task-ils,sub-cp028,ses-20211214,level-04Brun-009
277,/task-ils/sub-cp029/ses-20220119/level-01Brun-001,128,127.67,446.22,100,128,127.67,446.22,100,128,127.98,446.23,100,1024,1024.01,446,100,128,127.67,446.17,100,250,252.6,446.03,100,4,5.32,445.88,99.96,task-ils,sub-cp029,ses-20220119,level-01Brun-001
278,/task-ils/sub-cp029/ses-20220119/level-01Brun-007,128,127.65,412.69,100,128,127.65,412.69,100,128,127.97,412.59,100,1024,1024.02,411.99,100,128,127.64,412.2,100,250,252.94,412.44,100,4,5.42,412.44,100,task-ils,sub-cp029,ses-20220119,level-01Brun-007
279,/task-ils/sub-cp029/ses-20220119/level-01Brun-012,128,127.64,417.1,100,128,127.64,417.1,100,128,127.99,417.18,100,1024,1024.02,416.99,100,128,127.67,416.95,100,250,252.47,417.01,100,4,5.01,416.91,99.95,task-ils,sub-cp029,ses-20220119,level-01Brun-012
280,/task-ils/sub-cp029/ses-20220119/level-02Brun-003,128,127.65,460.05,100,128,127.65,460.05,100,128,127.98,460.47,100,1024,1024.01,460,100,128,127.67,460.09,100,250,252.96,460.48,100,4,5.34,459.84,100,task-ils,sub-cp029,ses-20220119,level-02Brun-003
281,/task-ils/sub-cp029/ses-20220119/level-02Brun-008,128,127.61,444.65,100,128,127.61,444.65,100,128,128.01,444.75,100,1024,1024.01,445,100,128,127.67,444.51,100,250,253.01,444.51,100,4,5.56,444.42,100,task-ils,sub-cp029,ses-20220119,level-02Brun-008
282,/task-ils/sub-cp029/ses-20220119/level-02Brun-010,128,127.68,472.13,100,128,127.68,472.13,100,128,127.98,472.37,100,1024,1024.01,472,100,128,127.67,471.54,100,250,252.23,472.16,100,4,4.97,471.37,99.91,task-ils,sub-cp029,ses-20220119,level-02Brun-010
283,/task-ils/sub-cp029/ses-20220119/level-03Brun-002,128,127.67,466.05,100,128,127.67,466.05,100,128,127.98,466.01,100,1024,1024.01,466,100,128,127.67,465.96,100,250,252.81,465.94,100,4,5.34,465.92,100,task-ils,sub-cp029,ses-20220119,level-03Brun-002
284,/task-ils/sub-cp029/ses-20220119/level-03Brun-005,128,127.67,477.6,100,128,127.67,477.6,100,128,127.98,477.6,100,1024,1024.02,478,100,128,127.68,477.78,100,250,252.89,477.48,100,4,5.27,477.48,99.96,task-ils,sub-cp029,ses-20220119,level-03Brun-005
285,/task-ils/sub-cp029/ses-20220119/level-03Brun-011,128,127.68,464.28,100,128,127.68,464.28,100,128,127.73,464.42,100,1024,1024.02,462.99,100,128,127.67,464.11,100,250,252.32,464.06,100,4,5.21,463.98,99.96,task-ils,sub-cp029,ses-20220119,level-03Brun-011
286,/task-ils/sub-cp029/ses-20220119/level-04Brun-004,128,127.68,460.09,100,128,127.68,460.09,100,128,127.99,460.11,100,1024,1024.02,461,100,128,127.67,460.21,100,250,252.36,459.75,100,4,5.26,459.96,99.96,task-ils,sub-cp029,ses-20220119,level-04Brun-004
287,/task-ils/sub-cp029/ses-20220119/level-04Brun-006,128,127.64,413.71,100,128,127.64,413.71,100,128,128,413.78,100,1024,1024.02,414,100,128,127.66,414.34,100,250,252.52,412.39,100,4,5.79,406,100,task-ils,sub-cp029,ses-20220119,level-04Brun-006
288,/task-ils/sub-cp029/ses-20220119/level-04Brun-009,128,127.55,451.67,100,128,127.55,451.67,100,128,127.97,451.6,100,1024,1024.02,452,100,128,127.68,451.57,100,250,252.8,451.22,100,4,5.42,451.33,99.96,task-ils,sub-cp029,ses-20220119,level-04Brun-009
289,/task-ils/sub-cp030/ses-20211025/level-01Brun-001,128,127.67,432.74,100,128,127.67,432.74,100,128,127.98,432.65,100,n/a,n/a,n/a,n/a,128,127.7,432.72,100,250,253.63,432.57,100,4,5.8,432.42,100,task-ils,sub-cp030,ses-20211025,level-01Brun-001
290,/task-ils/sub-cp030/ses-20211025/level-01Brun-007,128,127.69,407.2,100,128,127.69,407.2,100,128,128,407.07,100,1024,1024.17,407.93,100,128,127.69,407.18,100,250,253.27,407.05,100,4,5.33,406.87,100,task-ils,sub-cp030,ses-20211025,level-01Brun-007
291,/task-ils/sub-cp030/ses-20211025/level-01Brun-012,128,127.69,435.12,100,128,127.69,435.12,100,128,128,435.33,100,1024,1024.18,434.92,100,128,127.69,435.13,100,250,253.42,435.14,100,4,4.69,434.92,99.95,task-ils,sub-cp030,ses-20211025,level-01Brun-012
292,/task-ils/sub-cp030/ses-20211025/level-02Brun-003,128,127.69,470.98,100,128,127.69,470.98,100,128,128.02,471.74,100,1024,1024.18,470.92,100,128,127.7,471.4,100,250,253.55,471.32,100,4,5.5,471.42,100,task-ils,sub-cp030,ses-20211025,level-02Brun-003
293,/task-ils/sub-cp030/ses-20211025/level-02Brun-008,128,127.7,440.23,100,128,127.7,440.23,100,128,127.99,439.99,100,1024,1024.17,439.92,100,128,127.7,439.94,100,250,253.21,438.62,100,4,5.36,439.87,100,task-ils,sub-cp030,ses-20211025,level-02Brun-008
294,/task-ils/sub-cp030/ses-20211025/level-02Brun-010,128,127.68,435.96,100,128,127.68,435.96,100,128,128.02,436.25,100,1024,1024.18,435.92,100,128,127.69,436.19,100,250,251.97,436.08,100,4,4.96,435.9,100,task-ils,sub-cp030,ses-20211025,level-02Brun-010
295,/task-ils/sub-cp030/ses-20211025/level-03Brun-002,128,127.69,752.75,100,128,127.69,752.75,100,128,128,752.71,100,1024,1024.17,752.87,100,128,127.7,752.66,100,250,252.67,750.29,100,4,5.56,752.51,99.81,task-ils,sub-cp030,ses-20211025,level-03Brun-002
296,/task-ils/sub-cp030/ses-20211025/level-03Brun-011,128,127.7,454.72,100,128,127.7,454.72,100,128,128,454.66,100,1024,1024.18,453.92,100,128,127.69,454.56,100,250,253.4,454.51,100,4,5.11,454.35,99.87,task-ils,sub-cp030,ses-20211025,level-03Brun-011
297,/task-ils/sub-cp030/ses-20211025/level-04Brun-004,128,127.69,424.48,100,128,127.69,424.48,100,128,128.01,424.76,100,1024,1024.18,424.92,100,128,127.7,424.49,100,250,251.24,420.97,100,4,5.25,424.41,99.96,task-ils,sub-cp030,ses-20211025,level-04Brun-004
298,/task-ils/sub-cp030/ses-20211025/level-04Brun-006,128,127.66,550.7,100,128,127.66,550.7,100,128,128,550.8,100,1024,1024.17,551.14,100,128,127.7,550.87,100,250,252.6,549.73,100,4,5,550.72,99.78,task-ils,sub-cp030,ses-20211025,level-04Brun-006
299,/task-ils/sub-cp030/ses-20211025/level-04Brun-009,128,127.69,343.08,100,128,127.69,343.08,100,128,127.99,343.16,100,1024,1024.18,342.94,100,128,127.7,343.07,100,250,253.2,342.98,100,4,4.96,336.31,99.94,task-ils,sub-cp030,ses-20211025,level-04Brun-009
300,/task-ils/sub-cp031/ses-20211216/level-01Brun-001,128,127.99,538.2,100,128,127.99,538.2,100,128,127.96,537.96,100,1024,1024.02,537.99,100,128,127.99,538.13,100,250,252.19,538.04,100,4,5.93,537.97,99.97,task-ils,sub-cp031,ses-20211216,level-01Brun-001
301,/task-ils/sub-cp031/ses-20211216/level-01Brun-007,128,127.99,459.03,100,128,127.99,459.03,100,128,127.98,459.53,100,1024,1024.02,459.99,100,128,127.98,459.07,100,250,252.07,457.32,100,4,5.19,459.49,99.83,task-ils,sub-cp031,ses-20211216,level-01Brun-007
302,/task-ils/sub-cp031/ses-20211216/level-02Brun-003,128,127.99,463.62,100,128,127.99,463.62,100,128,127.94,463.51,100,1024,1024.02,463.99,100,128,127.99,463.52,100,250,252.63,463.38,100,4,5.83,463.35,99.96,task-ils,sub-cp031,ses-20211216,level-02Brun-003
303,/task-ils/sub-cp031/ses-20211216/level-02Brun-008,128,127.99,473.61,100,128,127.99,473.61,100,128,127.98,473.12,100,1024,1024.01,472.99,100,128,127.98,473.13,100,250,252.19,473.46,100,4,5.11,472.95,99.92,task-ils,sub-cp031,ses-20211216,level-02Brun-008
304,/task-ils/sub-cp031/ses-20211216/level-02Brun-010,128,127.99,441.55,100,128,127.99,441.55,100,128,127.97,441.61,100,1024,1024.02,440.99,100,128,127.98,441.57,100,250,252.18,438.48,100,4,5.4,441.88,99.92,task-ils,sub-cp031,ses-20211216,level-02Brun-010
305,/task-ils/sub-cp031/ses-20211216/level-02Brun-012,128,127.99,414.65,100,128,127.99,414.65,100,128,127.98,414.68,100,1024,1024.02,413.99,100,128,127.98,415.07,100,250,252.11,412.53,100,4,5.26,414.95,99.91,task-ils,sub-cp031,ses-20211216,level-02Brun-012
306,/task-ils/sub-cp031/ses-20211216/level-03Brun-002,128,127.97,483.7,100,128,127.97,483.7,100,128,127.99,483.54,100,1024,1024.01,483,100,128,127.98,483.61,100,250,252.27,483.51,100,4,5.84,483.37,100,task-ils,sub-cp031,ses-20211216,level-03Brun-002
307,/task-ils/sub-cp031/ses-20211216/level-03Brun-005,128,127.99,502.1,100,128,127.99,502.1,100,128,127.98,502.38,100,1024,1024.01,502,100,128,127.99,502.1,100,250,252.25,501.94,100,4,5.75,501.96,99.93,task-ils,sub-cp031,ses-20211216,level-03Brun-005
308,/task-ils/sub-cp031/ses-20211216/level-03Brun-011,128,127.98,456.19,100,128,127.98,456.19,100,128,127.91,456.03,100,1024,1024.02,455.99,100,128,127.99,455.91,100,250,252.12,455.88,100,4,5.23,455.97,99.96,task-ils,sub-cp031,ses-20211216,level-03Brun-011
309,/task-ils/sub-cp031/ses-20211216/level-04Brun-004,128,127.99,490.5,100,128,127.99,490.5,100,128,127.98,490.7,100,1024,1024.02,490.99,100,128,127.99,490.66,100,250,252.31,489.51,100,4,5.83,490.9,99.93,task-ils,sub-cp031,ses-20211216,level-04Brun-004
310,/task-ils/sub-cp031/ses-20211216/level-04Brun-006,128,127.98,505.57,100,128,127.98,505.57,100,128,127.98,505.56,100,1024,1024.02,505.99,100,128,127.99,505.6,100,250,252.36,505.22,100,4,5.34,505.41,99.89,task-ils,sub-cp031,ses-20211216,level-04Brun-006
311,/task-ils/sub-cp031/ses-20211216/level-04Brun-009,128,127.98,453.51,100,128,127.98,453.51,100,128,127.99,453.56,100,1024,1024.01,453,100,128,127.97,453.6,100,250,251.75,452.79,100,4,5.18,453.43,99.83,task-ils,sub-cp031,ses-20211216,level-04Brun-009
312,/task-ils/sub-cp032/ses-20211105/level-01Brun-001,128,127.67,405.45,100,128,127.67,405.45,100,128,127.99,405.73,100,1024,1024.01,405.97,100,128,127.51,405.82,100,250,252.42,405.52,100,4,5.27,405.38,100,task-ils,sub-cp032,ses-20211105,level-01Brun-001
313,/task-ils/sub-cp032/ses-20211105/level-01Brun-007,128,127.67,406.65,100,128,127.67,406.65,100,128,127.98,406.69,100,1024,1024.01,406.99,100,128,127.68,406.64,100,250,252.12,406.46,100,4,5.01,406.31,100,task-ils,sub-cp032,ses-20211105,level-01Brun-007
314,/task-ils/sub-cp032/ses-20211105/level-01Brun-012,128,127.67,417.03,100,128,127.67,417.03,100,128,127.99,417.04,100,1024,1024.01,416.99,100,128,127.66,417.09,100,250,252.41,416.95,100,4,5.35,416.36,100,task-ils,sub-cp032,ses-20211105,level-01Brun-012
315,/task-ils/sub-cp032/ses-20211105/level-02Brun-003,128,127.66,432.97,100,128,127.66,432.97,100,128,127.98,433.06,100,1024,1024.02,432.98,100,128,127.67,433,100,250,252.55,432.84,100,4,5.39,432.81,100,task-ils,sub-cp032,ses-20211105,level-02Brun-003
316,/task-ils/sub-cp032/ses-20211105/level-02Brun-008,128,127.67,438.66,100,128,127.67,438.66,100,128,127.98,438.57,100,1024,1024.01,437.99,100,128,127.67,438.58,100,250,252.27,438.63,100,4,5.11,438.45,99.91,task-ils,sub-cp032,ses-20211105,level-02Brun-008
317,/task-ils/sub-cp032/ses-20211105/level-02Brun-010,128,127.64,434.19,100,128,127.64,434.19,100,128,127.99,434.16,100,1024,1024.01,433.99,100,128,127.67,433.61,100,250,252.65,433.91,100,4,5.35,433.96,100,task-ils,sub-cp032,ses-20211105,level-02Brun-010
318,/task-ils/sub-cp032/ses-20211105/level-03Brun-002,128,127.64,440.67,100,128,127.64,440.67,100,128,127.98,440.61,100,1024,1024.02,440.97,100,128,127.67,440.62,100,250,252.54,440.5,100,4,5.36,440.43,100,task-ils,sub-cp032,ses-20211105,level-03Brun-002
319,/task-ils/sub-cp032/ses-20211105/level-03Brun-005,128,127.59,444.1,100,128,127.59,444.1,100,128,127.99,444.09,100,1024,1024.01,443.99,100,128,127.67,443.94,100,250,252.26,444.01,100,4,5.3,443.95,99.91,task-ils,sub-cp032,ses-20211105,level-03Brun-005
320,/task-ils/sub-cp032/ses-20211105/level-03Brun-011,128,127.67,440.51,100,128,127.67,440.51,100,128,127.98,440.46,100,1024,1024.01,440.99,100,128,127.68,440.58,100,250,252.68,440.9,100,4,5.29,440.39,99.96,task-ils,sub-cp032,ses-20211105,level-03Brun-011
321,/task-ils/sub-cp032/ses-20211105/level-04Brun-004,128,127.67,445.06,100,128,127.67,445.06,100,128,127.98,445.11,100,1024,1024.02,445.98,100,128,127.67,445.02,100,250,252.41,445.47,100,4,5.29,444.97,100,task-ils,sub-cp032,ses-20211105,level-04Brun-004
322,/task-ils/sub-cp032/ses-20211105/level-04Brun-006,128,127.62,419.75,100,128,127.62,419.75,100,128,127.98,419.51,100,1024,1024.01,418.98,100,128,127.67,419.51,100,250,252.46,419.4,100,4,5.22,419.44,100,task-ils,sub-cp032,ses-20211105,level-04Brun-006
323,/task-ils/sub-cp032/ses-20211105/level-04Brun-009,128,127.68,456.07,100,128,127.68,456.07,100,128,127.98,456.52,100,1024,1024.01,455.99,100,128,127.67,456.53,100,250,252.31,456.64,100,4,5.16,455.97,99.87,task-ils,sub-cp032,ses-20211105,level-04Brun-009
324,/task-ils/sub-cp033/ses-20211215/level-01Brun-001,128,127.99,461.13,100,128,127.99,461.13,100,128,127.98,461.16,100,1024,1024.02,461,100,128,127.67,460.98,100,250,252.59,460.95,100,4,5.36,460.91,99.96,task-ils,sub-cp033,ses-20211215,level-01Brun-001
325,/task-ils/sub-cp033/ses-20211215/level-01Brun-007,128,127.99,427.68,100,128,127.99,427.68,100,128,127.99,427.87,100,1024,1024.01,428,100,128,127.68,427.63,100,250,252.34,427.52,100,4,5.31,427.35,100,task-ils,sub-cp033,ses-20211215,level-01Brun-007
326,/task-ils/sub-cp033/ses-20211215/level-01Brun-012,128,127.99,386.03,100,128,127.99,386.03,100,128,127.98,386.19,100,1024,1024.02,385.99,100,128,127.62,386.11,100,250,252.28,386.05,100,4,4.91,385.82,100,task-ils,sub-cp033,ses-20211215,level-01Brun-012
327,/task-ils/sub-cp033/ses-20211215/level-02Brun-003,128,127.99,479.14,100,128,127.99,479.14,100,128,127.98,479.02,100,1024,1024.01,479,100,128,127.67,478.46,100,250,252.6,478.94,100,4,5.38,478.82,99.96,task-ils,sub-cp033,ses-20211215,level-02Brun-003
328,/task-ils/sub-cp033/ses-20211215/level-02Brun-008,128,127.96,434.39,100,128,127.96,434.39,100,128,127.97,434.92,100,1024,1024.01,434.99,100,128,127.67,435.02,100,250,252.74,435.01,100,4,5.32,434.85,100,task-ils,sub-cp033,ses-20211215,level-02Brun-008
329,/task-ils/sub-cp033/ses-20211215/level-02Brun-010,128,127.99,434.64,100,128,127.99,434.64,100,128,127.98,434.65,100,1024,1024.01,433.99,100,128,127.67,435.24,100,250,252.55,435.01,100,4,4.99,434.88,100,task-ils,sub-cp033,ses-20211215,level-02Brun-010
330,/task-ils/sub-cp033/ses-20211215/level-03Brun-002,128,127.99,483.12,100,128,127.99,483.12,100,128,127.98,483.57,100,1024,1024.02,483,100,128,127.67,483.48,100,250,252.54,483.44,100,4,5.41,483.46,99.96,task-ils,sub-cp033,ses-20211215,level-03Brun-002
331,/task-ils/sub-cp033/ses-20211215/level-03Brun-005,128,127.99,486.58,100,128,127.99,486.58,100,128,127.98,486.57,100,1024,1024.01,487,100,128,127.67,486.54,100,250,252.68,486.39,100,4,5.33,486.45,100,task-ils,sub-cp033,ses-20211215,level-03Brun-005
332,/task-ils/sub-cp033/ses-20211215/level-03Brun-011,128,127.98,424.53,100,128,127.98,424.53,100,128,127.98,424.55,100,1024,1024.01,425,100,128,127.67,424.43,100,250,252.38,424.54,100,4,5.21,424.32,100,task-ils,sub-cp033,ses-20211215,level-03Brun-011
333,/task-ils/sub-cp033/ses-20211215/level-04Brun-004,128,127.97,438.74,100,128,127.97,438.74,100,128,127.97,438.53,100,1024,1024.02,438,100,128,127.69,438.54,100,250,252.37,438.55,100,4,5.27,438.3,100,task-ils,sub-cp033,ses-20211215,level-04Brun-004
334,/task-ils/sub-cp033/ses-20211215/level-04Brun-006,128,127.98,446.18,100,128,127.98,446.18,100,128,127.97,446.06,100,1024,1024.02,445.99,100,128,127.67,445.87,100,250,252.54,445.99,100,4,5.28,445.87,100,task-ils,sub-cp033,ses-20211215,level-04Brun-006
335,/task-ils/sub-cp033/ses-20211215/level-04Brun-009,128,127.98,426.53,100,128,127.98,426.53,100,128,128,426.41,100,1024,1024.02,426.99,100,128,127.68,426.66,100,250,252.59,426.91,100,4,5.13,426.87,99.95,task-ils,sub-cp033,ses-20211215,level-04Brun-009
336,/task-ils/sub-cp035/ses-20220125/level-01Brun-001,128,127.68,473.65,100,128,127.68,473.65,100,128,127.99,473.62,100,1024,1024.02,474,100,128,127.66,473.64,100,250,252.98,473.45,100,4,5.28,473.36,99.8,task-ils,sub-cp035,ses-20220125,level-01Brun-001
337,/task-ils/sub-cp035/ses-20220125/level-01Brun-007,128,127.67,435.69,100,128,127.67,435.69,100,128,127.96,435.5,100,1024,1024.01,436,100,128,127.66,435.58,100,250,252.85,435.53,100,4,5.33,435.38,100,task-ils,sub-cp035,ses-20220125,level-01Brun-007
338,/task-ils/sub-cp035/ses-20220125/level-01Brun-012,128,127.63,425.05,100,128,127.63,425.05,100,128,127.98,425.06,100,1024,1024.02,424.99,100,128,127.66,425.03,100,250,253.04,424.96,100,4,5.27,424.98,100,task-ils,sub-cp035,ses-20220125,level-01Brun-012
339,/task-ils/sub-cp035/ses-20220125/level-02Brun-003,128,127.68,474.11,100,128,127.68,474.11,100,128,127.98,473.95,100,1024,1024.01,474,100,128,127.69,473.49,100,250,253.08,473.88,100,4,5.39,474.01,99.96,task-ils,sub-cp035,ses-20220125,level-02Brun-003
340,/task-ils/sub-cp035/ses-20220125/level-02Brun-008,128,127.63,455.74,100,128,127.63,455.74,100,128,127.99,455.4,100,1024,1024.01,456,100,128,127.68,455.48,100,250,252.71,455.54,100,4,5.36,455.42,100,task-ils,sub-cp035,ses-20220125,level-02Brun-008
341,/task-ils/sub-cp035/ses-20220125/level-02Brun-010,128,127.64,481.64,100,128,127.64,481.64,100,128,127.99,481.52,100,1024,1024.02,482,100,128,127.66,481.71,100,250,252.89,481.49,100,4,5.06,481.42,99.88,task-ils,sub-cp035,ses-20220125,level-02Brun-010
342,/task-ils/sub-cp035/ses-20220125/level-03Brun-002,128,127.65,508.05,100,128,127.65,508.05,100,128,127.98,508.16,100,1024,1024.01,508,100,128,127.63,508.29,100,250,252.97,507.84,100,4,5.34,507.87,100,task-ils,sub-cp035,ses-20220125,level-03Brun-002
343,/task-ils/sub-cp035/ses-20220125/level-03Brun-005,128,127.67,471.6,100,128,127.67,471.6,100,128,127.98,471.72,100,1024,1024.01,472,100,128,127.67,471.56,100,250,253.06,471.35,100,4,5.3,471.35,99.96,task-ils,sub-cp035,ses-20220125,level-03Brun-005
344,/task-ils/sub-cp035/ses-20220125/level-03Brun-011,128,127.63,465.26,100,128,127.63,465.26,100,128,127.98,465.22,100,1024,1024.01,466,100,128,127.66,465.68,100,250,252.85,465.45,100,4,5.31,464.84,100,task-ils,sub-cp035,ses-20220125,level-03Brun-011
345,/task-ils/sub-cp035/ses-20220125/level-04Brun-004,128,127.67,463.07,100,128,127.67,463.07,100,128,127.98,463.07,100,1024,1024.02,463,100,128,127.64,463.22,100,250,252.83,462.59,100,4,5.26,462.82,100,task-ils,sub-cp035,ses-20220125,level-04Brun-004
346,/task-ils/sub-cp035/ses-20220125/level-04Brun-006,128,127.67,475.65,100,128,127.67,475.65,100,128,127.98,475.58,100,1024,1024.01,475,100,128,127.77,474.78,100,250,253.25,475.33,100,4,5.27,475.36,100,task-ils,sub-cp035,ses-20220125,level-04Brun-006
347,/task-ils/sub-cp035/ses-20220125/level-04Brun-009,128,127.68,458.94,100,128,127.68,458.94,100,128,127.98,459.11,100,1024,1024.02,459,100,128,127.68,459.6,100,250,252.6,459.28,100,4,5.22,458.84,99.96,task-ils,sub-cp035,ses-20220125,level-04Brun-009
348,/task-ils/sub-cp036/ses-20211218/level-01Brun-001,128,127.68,446.77,100,128,127.68,446.77,100,128,127.99,446.62,100,1024,1024.01,446.02,100,128,127.67,446.82,100,250,252.37,445.95,100,4,5.77,446.45,99.96,task-ils,sub-cp036,ses-20211218,level-01Brun-001
349,/task-ils/sub-cp036/ses-20211218/level-01Brun-007,128,127.67,331.89,100,128,127.67,331.89,100,128,127.95,332.4,100,1024,1024.02,333,100,128,127.67,332.13,100,250,251.94,332.03,100,4,5.33,331.98,100,task-ils,sub-cp036,ses-20211218,level-01Brun-007
350,/task-ils/sub-cp036/ses-20211218/level-01Brun-012,128,127.68,331.19,100,128,127.68,331.19,100,128,128,331.01,100,1024,1024.01,332,100,128,127.67,331.16,100,250,252.29,330.88,100,4,5.71,330.9,100,task-ils,sub-cp036,ses-20211218,level-01Brun-012
351,/task-ils/sub-cp036/ses-20211218/level-02Brun-003,128,127.66,406.51,100,128,127.66,406.51,100,128,128,406.83,100,1024,1024.01,406.01,100,128,127.67,406.58,100,250,251.84,404.65,100,4,5.59,406.45,99.96,task-ils,sub-cp036,ses-20211218,level-02Brun-003
352,/task-ils/sub-cp036/ses-20211218/level-02Brun-008,128,127.66,354.16,100,128,127.66,354.16,100,128,128.01,354.18,100,1024,1024.02,354,100,128,127.67,353.86,100,250,252.07,353.99,100,4,5.43,353.88,100,task-ils,sub-cp036,ses-20211218,level-02Brun-008
353,/task-ils/sub-cp036/ses-20211218/level-02Brun-010,128,127.42,363.69,100,128,127.42,363.69,100,128,127.99,363.58,100,1024,1024.02,364,100,128,127.68,363.53,100,250,251.93,363.45,100,4,5.61,363.43,99.9,task-ils,sub-cp036,ses-20211218,level-02Brun-010
354,/task-ils/sub-cp036/ses-20211218/level-03Brun-002,128,127.63,417.51,100,128,127.63,417.51,100,128,128.01,417.51,100,1024,1024.02,417.01,100,128,127.66,417.53,100,250,252.04,414.87,100,4,5.74,417.39,100,task-ils,sub-cp036,ses-20211218,level-03Brun-002
355,/task-ils/sub-cp036/ses-20211218/level-03Brun-005,128,127.67,370.09,100,128,127.67,370.09,100,128,127.99,369.97,100,1024,1024.03,371,100,128,127.67,370.12,100,250,252.04,366.51,100,4,5.6,369.94,99.86,task-ils,sub-cp036,ses-20211218,level-03Brun-005
356,/task-ils/sub-cp036/ses-20211218/level-03Brun-011,128,127.68,363.01,100,128,127.68,363.01,100,128,128,363.14,100,1024,1024.02,364,100,128,127.68,362.95,100,250,251.91,362.41,100,4,5.77,362.86,99.9,task-ils,sub-cp036,ses-20211218,level-03Brun-011
357,/task-ils/sub-cp036/ses-20211218/level-04Brun-004,128,127.68,432.05,100,128,127.68,432.05,100,128,128,432.17,100,1024,1024.02,432.01,100,128,127.67,432.07,100,250,252,430.44,100,4,5.42,431.87,99.83,task-ils,sub-cp036,ses-20211218,level-04Brun-004
358,/task-ils/sub-cp036/ses-20211218/level-04Brun-006,128,127.68,388.6,100,128,127.68,388.6,100,128,127.97,388.57,100,1024,1024.02,389,100,128,127.67,388.59,100,250,251.5,383.53,100,4,5.12,388.4,99.6,task-ils,sub-cp036,ses-20211218,level-04Brun-006
359,/task-ils/sub-cp036/ses-20211218/level-04Brun-009,128,127.68,357.17,100,128,127.68,357.17,100,128,127.98,357.12,100,1024,1024.02,358,100,128,127.66,357.67,100,250,252.14,356.61,100,4,5.57,357.43,100,task-ils,sub-cp036,ses-20211218,level-04Brun-009
360,/task-ils/sub-cp037/ses-20210113/level-01Brun-001,128,127.63,522.79,100,128,127.63,522.79,100,128,127.97,522.57,100,1024,1024.01,522,100,128,127.67,522.65,100,250,253.01,522.41,100,4,5.82,522.44,100,task-ils,sub-cp037,ses-20210113,level-01Brun-001
361,/task-ils/sub-cp037/ses-20210113/level-01Brun-007,128,127.67,433.72,100,128,127.67,433.72,100,128,127.99,433.03,100,1024,1024.01,434,100,128,127.67,433.62,100,250,253.02,433.51,100,4,5.73,433.37,100,task-ils,sub-cp037,ses-20210113,level-01Brun-007
362,/task-ils/sub-cp037/ses-20210113/level-01Brun-012,128,127.67,411.97,100,128,127.67,411.97,100,128,127.98,412.32,100,1024,1024.02,411.99,100,128,127.68,412.15,100,250,252.74,411.97,100,4,5.35,411.89,100,task-ils,sub-cp037,ses-20210113,level-01Brun-012
363,/task-ils/sub-cp037/ses-20210113/level-02Brun-003,128,127.66,499.03,100,128,127.66,499.03,100,128,127.95,499.39,100,1024,1024.01,499,100,128,127.68,499.23,100,250,253.35,498.81,100,4,5.74,498.92,100,task-ils,sub-cp037,ses-20210113,level-02Brun-003
364,/task-ils/sub-cp037/ses-20210113/level-02Brun-008,128,127.67,537.12,100,128,127.67,537.12,100,128,127.99,537.1,100,1024,1024.01,537,100,128,127.68,536.72,100,250,252.76,533.38,100,4,5.47,536.41,99.86,task-ils,sub-cp037,ses-20210113,level-02Brun-008
365,/task-ils/sub-cp037/ses-20210113/level-02Brun-010,128,127.65,476.03,100,128,127.65,476.03,100,128,127.99,476,100,1024,1024.01,475,100,128,127.67,476.07,100,250,252.79,475.88,100,4,5.48,475.78,100,task-ils,sub-cp037,ses-20210113,level-02Brun-010
366,/task-ils/sub-cp037/ses-20210113/level-03Brun-002,128,127.61,535.07,100,128,127.61,535.07,100,128,127.98,535.73,100,1024,1024.02,534.99,100,128,127.66,535.58,100,250,253,535.04,100,4,5.83,534.99,100,task-ils,sub-cp037,ses-20210113,level-03Brun-002
367,/task-ils/sub-cp037/ses-20210113/level-03Brun-005,128,127.67,478.15,100,128,127.67,478.15,100,128,127.99,478,100,1024,1024.01,479,100,128,127.67,478.27,100,250,253.3,478.04,100,4,5.86,477.88,100,task-ils,sub-cp037,ses-20210113,level-03Brun-005
368,/task-ils/sub-cp037/ses-20210113/level-03Brun-011,128,127.67,467.69,100,128,127.67,467.69,100,128,127.98,467.62,100,1024,1024.02,466.99,100,128,127.68,467.68,100,250,252.78,467.43,100,4,5.37,467.34,100,task-ils,sub-cp037,ses-20210113,level-03Brun-011
369,/task-ils/sub-cp037/ses-20210113/level-04Brun-004,128,127.65,516.7,100,128,127.65,516.7,100,128,127.98,516.8,100,1024,1024.01,517,100,128,127.67,516.74,100,250,253.08,516.15,100,4,5.64,516.37,100,task-ils,sub-cp037,ses-20210113,level-04Brun-004
370,/task-ils/sub-cp037/ses-20210113/level-04Brun-006,128,127.67,527.04,100,128,127.67,527.04,100,128,127.98,527.01,100,1024,1024.02,526.99,100,128,127.68,527.11,100,250,253.02,526.91,100,4,5.34,526.88,99.96,task-ils,sub-cp037,ses-20210113,level-04Brun-006
371,/task-ils/sub-cp037/ses-20210113/level-04Brun-009,128,127.69,519.16,100,128,127.69,519.16,100,128,127.99,519.11,100,1024,1024.01,520,100,128,127.66,519,100,250,252.73,518.54,100,4,5.26,518.86,99.93,task-ils,sub-cp037,ses-20210113,level-04Brun-009
372,/task-ils/sub-cp038/ses-20220112/level-01Brun-001,128,127.98,493.53,100,128,127.98,493.53,100,128,127.99,493.61,100,1024,1024.01,494,100,128,127.99,494.01,100,250,252.27,493.96,100,4,5.27,477.26,99.96,task-ils,sub-cp038,ses-20220112,level-01Brun-001
373,/task-ils/sub-cp038/ses-20220112/level-01Brun-007,128,127.98,351.54,100,128,127.98,351.54,100,128,127.97,351.67,100,1024,1024.01,352,100,128,127.99,351.6,100,250,252.18,351.59,100,4,5.27,351.41,100,task-ils,sub-cp038,ses-20220112,level-01Brun-007
374,/task-ils/sub-cp038/ses-20220112/level-01Brun-012,128,127.99,352.53,100,128,127.99,352.53,100,128,127.74,352.67,100,1024,1024.01,353,100,128,127.99,352.72,100,250,252.07,352.62,100,4,5.38,352.36,99.95,task-ils,sub-cp038,ses-20220112,level-01Brun-012
375,/task-ils/sub-cp038/ses-20220112/level-02Brun-003,128,127.99,477.1,100,128,127.99,477.1,100,128,127.99,477.12,100,1024,1024.01,477,100,128,127.98,476.54,100,250,252.64,476.94,100,4,5.68,476.88,100,task-ils,sub-cp038,ses-20220112,level-02Brun-003
376,/task-ils/sub-cp038/ses-20220112/level-02Brun-008,128,127.7,408.85,100,128,127.7,408.85,100,128,127.98,408.57,100,1024,1024,408,100,128,127.99,408.6,100,250,252.27,405.34,100,4,5.45,408.47,99.87,task-ils,sub-cp038,ses-20220112,level-02Brun-008
377,/task-ils/sub-cp038/ses-20220112/level-02Brun-010,128,127.98,389.73,100,128,127.98,389.73,100,128,127.99,389.34,100,1024,1024.01,390,100,128,127.97,389.76,100,250,252.05,389.74,100,4,5.3,389.42,99.9,task-ils,sub-cp038,ses-20220112,level-02Brun-010
378,/task-ils/sub-cp038/ses-20220112/level-03Brun-002,128,127.98,441.06,100,128,127.98,441.06,100,128,127.98,441.14,100,1024,1024.02,440.99,100,128,127.99,441.06,100,250,252.42,440.95,100,4,5.28,440.95,100,task-ils,sub-cp038,ses-20220112,level-03Brun-002
379,/task-ils/sub-cp038/ses-20220112/level-03Brun-005,128,127.99,460.61,100,128,127.99,460.61,100,128,127.99,460.62,100,1024,1024.02,460.99,100,128,127.99,460.51,100,250,252.12,461.07,100,4,5.16,460.41,100,task-ils,sub-cp038,ses-20220112,level-03Brun-005
380,/task-ils/sub-cp038/ses-20220112/level-03Brun-011,128,127.97,399.06,100,128,127.97,399.06,100,128,127.98,399.22,100,1024,1024.02,398.99,100,128,127.99,399.06,100,250,251.99,399.05,100,4,5.36,398.94,99.86,task-ils,sub-cp038,ses-20220112,level-03Brun-011
381,/task-ils/sub-cp038/ses-20220112/level-04Brun-004,128,127.98,512.54,100,128,127.98,512.54,100,128,127.98,512.57,100,1024,1024.01,513,100,128,127.99,512.7,100,250,251.66,510.77,100,4,4.98,512.38,99.8,task-ils,sub-cp038,ses-20220112,level-04Brun-004
382,/task-ils/sub-cp038/ses-20220112/level-04Brun-006,128,127.98,430.62,100,128,127.98,430.62,100,128,127.99,430.62,100,1024,1024.01,430,100,128,127.97,430.36,100,250,252.04,430.59,100,4,5.33,430.4,99.96,task-ils,sub-cp038,ses-20220112,level-04Brun-006
383,/task-ils/sub-cp038/ses-20220112/level-04Brun-009,128,127.99,402.24,100,128,127.99,402.24,100,128,127.97,402.01,100,1024,1024.01,402,100,128,127.98,402.15,100,250,252.1,402.16,100,4,5.23,401.92,99.9,task-ils,sub-cp038,ses-20220112,level-04Brun-009
384,/task-ils/sub-cp039/ses-20211219/level-01Brun-001,128,127.68,134.6,100,128,127.68,134.6,100,128,127.98,134.72,100,1024,1024.05,134.99,100,128,127.68,134.66,100,250,253.91,134.43,100,4,6.04,125.86,100,task-ils,sub-cp039,ses-20211219,level-01Brun-001
385,/task-ils/sub-cp039/ses-20211219/level-01Brun-007,128,127.63,428.18,100,128,127.63,428.18,100,128,127.99,428.1,100,1024,1024.02,427.99,100,128,127.67,428.23,100,250,253.96,428.09,100,4,5.3,427.96,100,task-ils,sub-cp039,ses-20211219,level-01Brun-007
386,/task-ils/sub-cp039/ses-20211219/level-01Brun-012,128,127.63,531.18,100,128,127.63,531.18,100,128,127.98,531.01,100,1024,1024.01,530.99,100,128,127.67,531.01,100,250,253.97,530.89,100,4,5.32,530.9,100,task-ils,sub-cp039,ses-20211219,level-01Brun-012
387,/task-ils/sub-cp039/ses-20211219/level-02Brun-003,128,127.67,182.65,100,128,127.67,182.65,100,128,128.02,182.44,100,1024,1024.02,183,100,128,127.67,182.63,100,250,253.65,182.46,100,4,5.68,174.72,100,task-ils,sub-cp039,ses-20211219,level-02Brun-003
388,/task-ils/sub-cp039/ses-20211219/level-02Brun-008,128,127.67,82.64,100,128,127.67,82.64,100,128,127.99,82.56,100,1024,1024.14,82.99,100,128,127.67,82.65,100,250,253.72,82.56,100,4,5.8,75.65,100,task-ils,sub-cp039,ses-20211219,level-02Brun-008
389,/task-ils/sub-cp039/ses-20211219/level-02Brun-010,128,127.68,205.13,100,128,127.68,205.13,100,128,127.98,205.1,100,1024,1023.98,205,100,128,127.69,205.14,100,250,253.46,205.14,100,4,5.34,199.95,99.91,task-ils,sub-cp039,ses-20211219,level-02Brun-010
390,/task-ils/sub-cp039/ses-20211219/level-03Brun-002,128,127.69,136.53,100,128,127.69,136.53,100,128,127.99,136.64,100,1024,1024.01,137,100,128,127.69,136.52,100,250,253.7,136.48,100,4,4.81,136.47,99.85,task-ils,sub-cp039,ses-20211219,level-03Brun-002
391,/task-ils/sub-cp039/ses-20211219/level-03Brun-005,128,127.67,387.14,100,128,127.67,387.14,100,128,127.98,387.64,100,1024,1024.01,388,100,128,127.68,387.09,100,250,253.48,387.59,100,4,5.62,382.2,100,task-ils,sub-cp039,ses-20211219,level-03Brun-005
392,/task-ils/sub-cp039/ses-20211219/level-03Brun-011,128,127.68,101.6,100,128,127.68,101.6,100,128,127.99,101.62,100,1024,1024.05,100.99,100,128,127.66,101.64,100,250,253.42,101.54,100,4,5.35,88.11,100,task-ils,sub-cp039,ses-20211219,level-03Brun-011
393,/task-ils/sub-cp039/ses-20211219/level-04Brun-004,128,127.65,181.59,100,128,127.65,181.59,100,128,127.97,181.56,100,1024,1024.03,181.99,100,128,127.67,181.67,100,250,249.34,181.82,100,4,5.25,174.6,100,task-ils,sub-cp039,ses-20211219,level-04Brun-004
394,/task-ils/sub-cp039/ses-20211219/level-04Brun-006,128,127.64,556.64,100,128,127.64,556.64,100,128,127.99,556.61,100,1024,1024.01,556.99,100,128,127.67,556.59,100,250,253,554.84,100,4,5.38,548.2,99.97,task-ils,sub-cp039,ses-20211219,level-04Brun-006
395,/task-ils/sub-cp039/ses-20211219/level-04Brun-009,128,127.68,193.54,100,128,127.68,193.54,100,128,127.99,193.75,100,1024,1024.02,193,100,128,127.68,193.52,100,250,253.65,193.61,100,4,5.03,185.09,99.68,task-ils,sub-cp039,ses-20211219,level-04Brun-009
396,/task-ils/sub-cp042/ses-20220111/level-01Brun-001,128,127.99,388.39,100,128,127.99,388.39,100,128,127.94,424.72,100,1024,1024.01,424,100,128,127.84,424.93,100,250,251.61,424.61,100,4,5.92,424.48,100,task-ils,sub-cp042,ses-20220111,level-01Brun-001
397,/task-ils/sub-cp042/ses-20220111/level-01Brun-007,128,127.99,461.64,100,128,127.99,461.64,100,128,127.95,462.15,100,1024,1024.02,462,100,128,127.97,462.19,100,250,251.56,462.07,100,4,5.21,461.92,99.96,task-ils,sub-cp042,ses-20220111,level-01Brun-007
398,/task-ils/sub-cp042/ses-20220111/level-01Brun-012,128,127.98,344.03,100,128,127.98,344.03,100,128,127.97,343.94,100,1024,1024.02,343.99,100,128,127.99,344.22,100,250,251.7,344.11,100,4,5.49,343.98,100,task-ils,sub-cp042,ses-20220111,level-01Brun-012
399,/task-ils/sub-cp042/ses-20220111/level-02Brun-003,128,127.98,444.54,100,128,127.98,444.54,100,128,127.96,444.79,100,1024,1024.01,444,100,128,127.99,444.55,100,250,251.83,444.46,100,4,5.78,444.38,100,task-ils,sub-cp042,ses-20220111,level-02Brun-003
400,/task-ils/sub-cp042/ses-20220111/level-02Brun-008,128,127.95,482.09,100,128,127.95,482.09,100,128,127.98,482.25,100,1024,1024.01,482,100,128,127.99,482.24,100,250,251.35,481.99,100,4,5.19,481.84,99.96,task-ils,sub-cp042,ses-20220111,level-02Brun-008
401,/task-ils/sub-cp042/ses-20220111/level-02Brun-010,128,127.83,489.37,100,128,127.83,489.37,100,128,127.97,489.61,100,1024,1024.01,490,100,128,127.99,489.53,100,250,251.48,489.5,100,4,5.26,489.42,99.92,task-ils,sub-cp042,ses-20220111,level-02Brun-010
402,/task-ils/sub-cp042/ses-20220111/level-03Brun-002,128,127.98,504.14,100,128,127.98,504.14,100,128,127.98,504.06,100,1024,1024.02,505,100,128,127.99,504.04,100,250,251.71,503.6,100,4,5.84,503.93,99.93,task-ils,sub-cp042,ses-20220111,level-03Brun-002
403,/task-ils/sub-cp042/ses-20220111/level-03Brun-005,128,127.98,539.7,100,128,127.98,539.7,100,128,127.97,539.82,100,1024,1024.01,540,100,128,127.99,540.2,100,250,251.42,540.07,100,4,5.05,539.91,99.93,task-ils,sub-cp042,ses-20220111,level-03Brun-005
404,/task-ils/sub-cp042/ses-20220111/level-03Brun-011,128,127.99,553.49,100,128,127.99,553.49,100,128,127.97,553.84,100,1024,1024.01,554,100,128,127.99,553.47,100,250,251.11,550.92,100,4,5.14,553.36,99.89,task-ils,sub-cp042,ses-20220111,level-03Brun-011
405,/task-ils/sub-cp042/ses-20220111/level-04Brun-004,128,127.99,482.97,100,128,127.99,482.97,100,128,127.99,483.11,100,1024,1024.01,483,100,128,127.98,483.17,100,250,251.61,479.88,100,4,5.44,482.94,99.85,task-ils,sub-cp042,ses-20220111,level-04Brun-004
406,/task-ils/sub-cp042/ses-20220111/level-04Brun-006,128,127.87,423.64,100,128,127.87,423.64,100,128,127.96,423.67,100,1024,1024.01,424,100,128,127.99,423.8,100,250,251.46,423.63,100,4,4.72,423.44,99.8,task-ils,sub-cp042,ses-20220111,level-04Brun-006
407,/task-ils/sub-cp042/ses-20220111/level-04Brun-009,128,127.98,339.65,100,128,127.98,339.65,100,128,127.96,339.6,100,1024,1024.02,340,100,128,127.99,339.67,100,250,250.89,337.89,100,4,4.76,339.38,99.63,task-ils,sub-cp042,ses-20220111,level-04Brun-009
408,/task-ils/sub-cp043/ses-20220127/level-01Brun-001,128,127.67,416.06,100,128,127.67,416.06,100,128,127.98,416.14,100,1024,1024.01,416,100,128,127.7,416.03,100,250,252.09,416.11,100,4,5.31,415.94,100,task-ils,sub-cp043,ses-20220127,level-01Brun-001
409,/task-ils/sub-cp043/ses-20220127/level-01Brun-007,128,127.67,430.01,100,128,127.67,430.01,100,128,127.98,430.08,100,1024,1024.02,429.99,100,128,127.66,429.99,100,250,252.25,430.09,100,4,5.58,429.82,99.96,task-ils,sub-cp043,ses-20220127,level-01Brun-007
410,/task-ils/sub-cp043/ses-20220127/level-01Brun-012,128,127.63,396.34,100,128,127.63,396.34,100,128,127.98,396.53,100,1024,1024.02,395.99,100,128,127.67,396.06,100,250,252.37,396.52,100,4,5.16,395.92,99.95,task-ils,sub-cp043,ses-20220127,level-01Brun-012
411,/task-ils/sub-cp043/ses-20220127/level-02Brun-003,128,127.66,431.5,100,128,127.66,431.5,100,128,127.98,432.06,100,1024,1024.01,431,100,128,127.67,432.32,100,250,252.4,431.96,100,4,5.33,431.89,99.96,task-ils,sub-cp043,ses-20220127,level-02Brun-003
412,/task-ils/sub-cp043/ses-20220127/level-02Brun-008,128,127.66,428.16,100,128,127.66,428.16,100,128,127.59,428.7,100,1024,1024.02,427.99,100,128,127.68,428.19,100,250,252.68,427.95,100,4,5.46,427.98,100,task-ils,sub-cp043,ses-20220127,level-02Brun-008
413,/task-ils/sub-cp043/ses-20220127/level-02Brun-010,128,127.67,428.35,100,128,127.67,428.35,100,128,128,428.26,100,1024,1024.02,427.99,100,128,127.69,428.34,100,250,252.21,427.99,100,4,5.31,427.87,99.91,task-ils,sub-cp043,ses-20220127,level-02Brun-010
414,/task-ils/sub-cp043/ses-20220127/level-03Brun-002,128,127.67,492.55,100,128,127.67,492.55,100,128,127.98,492.74,100,1024,1024.02,492.99,100,128,127.68,492.75,100,250,252.37,492.46,100,4,5.33,492.38,100,task-ils,sub-cp043,ses-20220127,level-03Brun-002
415,/task-ils/sub-cp043/ses-20220127/level-03Brun-005,128,127.68,456.09,100,128,127.68,456.09,100,128,127.98,456.06,100,1024,1024.01,456,100,128,127.67,455.93,100,250,252.42,455.99,100,4,5.3,455.82,100,task-ils,sub-cp043,ses-20220127,level-03Brun-005
416,/task-ils/sub-cp043/ses-20220127/level-03Brun-011,128,127.66,438.65,100,128,127.66,438.65,100,128,127.98,438.62,100,1024,1024.01,438,100,128,127.67,438.13,100,250,252.19,438.63,100,4,5.33,438.38,99.91,task-ils,sub-cp043,ses-20220127,level-03Brun-011
417,/task-ils/sub-cp043/ses-20220127/level-04Brun-004,128,127.67,458.08,100,128,127.67,458.08,100,128,127.98,457.98,100,1024,1024.01,457,100,128,127.57,457.91,100,250,252.29,457.86,100,4,5.25,457.99,99.96,task-ils,sub-cp043,ses-20220127,level-04Brun-004
418,/task-ils/sub-cp043/ses-20220127/level-04Brun-006,128,127.61,491.01,100,128,127.61,491.01,100,128,127.97,490.75,100,1024,1024.02,491,100,128,127.65,491.18,100,250,252.2,490.76,100,4,5.2,490.45,100,task-ils,sub-cp043,ses-20220127,level-04Brun-006
419,/task-ils/sub-cp043/ses-20220127/level-04Brun-009,128,127.67,459.7,100,128,127.67,459.7,100,128,127.98,459.26,100,1024,1024.01,460,100,128,127.67,459.6,100,250,252.6,459.42,100,4,5.28,459.42,100,task-ils,sub-cp043,ses-20220127,level-04Brun-009
420,/task-rest/sub-cp003/ses-20210206/level-000run-001,512,509.68,323.91,100,512,509.68,323.91,100,128,507.03,324.41,100,n/a,n/a,n/a,n/a,n/a,n/a,n/a,n/a,250,NaN,0,0,4,6.19,323.44,100,task-rest,sub-cp003,ses-20210206,level-000run-001
421,/task-rest/sub-cp003/ses-20210206/level-000run-002,512,509.25,328.12,100,512,509.25,328.12,100,128,508.33,328.21,100,n/a,n/a,n/a,n/a,n/a,n/a,n/a,n/a,250,NaN,0,0,4,Inf,0,0,task-rest,sub-cp003,ses-20210206,level-000run-002
422,/task-rest/sub-cp004/ses-20210330/level-000run-001,128,127.61,311.44,100,128,127.61,311.44,100,128,127.98,311.62,100,n/a,n/a,n/a,n/a,128,127.52,311.4,100,250,252.59,311.6,100,4,5.67,311.38,100,task-rest,sub-cp004,ses-20210330,level-000run-001
423,/task-rest/sub-cp004/ses-20210330/level-000run-002,128,127.68,310.5,100,128,127.68,310.5,100,128,127.98,310.65,100,n/a,n/a,n/a,n/a,128,127.66,310.8,100,250,252.27,310.5,100,4,6.25,272.83,100,task-rest,sub-cp004,ses-20210330,level-000run-002
424,/task-rest/sub-cp005/ses-20210226/level-000run-001,128,127.98,301.16,100,128,127.98,301.16,100,128,127.98,301.39,100,n/a,n/a,n/a,n/a,128,127.99,301.69,100,250,251.4,301.49,100,4,4.32,301.28,98.08,task-rest,sub-cp005,ses-20210226,level-000run-001
425,/task-rest/sub-cp005/ses-20210226/level-000run-002,128,127.98,305.66,100,128,127.98,305.66,100,128,127.98,305.57,100,n/a,n/a,n/a,n/a,128,127.99,305.58,100,250,252.68,305.49,100,4,5.65,304.86,100,task-rest,sub-cp005,ses-20210226,level-000run-002
426,/task-rest/sub-cp006/ses-20210324/level-000run-001,128,127.67,318.93,100,128,127.67,318.93,100,128,127.99,319.08,100,n/a,n/a,n/a,n/a,128,127.67,318.97,100,250,252.51,319.03,100,4,5.82,318.84,100,task-rest,sub-cp006,ses-20210324,level-000run-001
427,/task-rest/sub-cp006/ses-20210324/level-000run-002,128,127.66,313.21,100,128,127.66,313.21,100,128,127.98,313.05,100,n/a,n/a,n/a,n/a,128,127.68,313.05,100,250,251.6,313.09,100,4,6.39,312.89,100,task-rest,sub-cp006,ses-20210324,level-000run-002
428,/task-rest/sub-cp008/ses-20210503/level-000run-001,128,127.62,339.08,100,128,127.62,339.08,100,128,127.98,339.02,100,n/a,n/a,n/a,n/a,n/a,n/a,n/a,n/a,250,252.05,338.89,100,4,5.7,338.86,100,task-rest,sub-cp008,ses-20210503,level-000run-001
429,/task-rest/sub-cp008/ses-20210503/level-000run-002,128,127.68,388.63,100,128,127.68,388.63,100,128,127.99,388.6,100,n/a,n/a,n/a,n/a,128,128.23,387.67,100,250,251.42,388.6,100,4,5.08,388.46,99.9,task-rest,sub-cp008,ses-20210503,level-000run-002
430,/task-rest/sub-cp009/ses-20210129/level-000run-001,512,512.1,343.08,100,512,512.1,343.08,100,128,NaN,0,0,n/a,n/a,n/a,n/a,n/a,n/a,n/a,n/a,250,251.76,342.98,100,4,6.43,342.9,100,task-rest,sub-cp009,ses-20210129,level-000run-001
431,/task-rest/sub-cp011/ses-20210408/level-000run-001,128,127.69,311.98,100,128,127.69,311.98,100,128,127.98,312,100,n/a,n/a,n/a,n/a,128,127.68,312.03,100,250,251.37,312.51,100,4,6.04,311.89,100,task-rest,sub-cp011,ses-20210408,level-000run-001
432,/task-rest/sub-cp011/ses-20210408/level-000run-002,128,127.69,303.04,100,128,127.69,303.04,100,128,128.14,303.47,100,n/a,n/a,n/a,n/a,128,127.65,303.25,100,250,251.31,274.11,100,4,5.96,114.36,100,task-rest,sub-cp011,ses-20210408,level-000run-002
433,/task-rest/sub-cp012/ses-20210723/level-000run-001,128,127.99,305.54,100,128,127.99,305.54,100,128,127.98,305.5,100,n/a,n/a,n/a,n/a,128,127.99,305.58,100,250,252.39,182.45,100,4,5.96,305.46,100,task-rest,sub-cp012,ses-20210723,level-000run-001
434,/task-rest/sub-cp012/ses-20210723/level-000run-002,128,127.99,301.69,100,128,127.99,301.69,100,128,127.98,301.68,100,n/a,n/a,n/a,n/a,128,127.99,301.43,100,250,253.43,301.8,100,4,5.13,301.33,100,task-rest,sub-cp012,ses-20210723,level-000run-002
435,/task-rest/sub-cp013/ses-20210319/level-000run-001,128,127.97,275.16,100,128,127.97,275.16,100,128,128,274.99,100,n/a,n/a,n/a,n/a,128,127.98,275.22,100,250,252.42,275.53,100,4,5.21,274.85,100,task-rest,sub-cp013,ses-20210319,level-000run-001
436,/task-rest/sub-cp013/ses-20210319/level-000run-002,128,127.98,354.09,100,128,127.98,354.09,100,128,127.97,354.09,100,n/a,n/a,n/a,n/a,128,127.99,354.07,100,250,252.32,354.09,100,4,6.32,353.92,99.91,task-rest,sub-cp013,ses-20210319,level-000run-002
437,/task-rest/sub-cp014/ses-20211112/level-000run-001,128,127.66,321.1,100,128,127.66,321.1,100,128,127.98,321.01,100,1024,1024.02,322,100,128,127.66,321.1,100,250,250.75,321.87,100,4,5.85,320.93,99.89,task-rest,sub-cp014,ses-20211112,level-000run-001
438,/task-rest/sub-cp014/ses-20211112/level-000run-002,128,127.67,376.76,100,128,127.67,376.76,100,128,127.98,376.15,100,1024,1023.99,377,100,128,127.67,376.25,100,250,251.18,373.2,100,4,5.06,376.38,99.79,task-rest,sub-cp014,ses-20211112,level-000run-002
439,/task-rest/sub-cp015/ses-20210504/level-000run-001,128,127.98,310.61,100,128,127.98,310.61,100,128,127.99,310.62,100,n/a,n/a,n/a,n/a,128,128.01,310.57,100,250,251.12,310.68,100,4,5.61,310.43,99.94,task-rest,sub-cp015,ses-20210504,level-000run-001
440,/task-rest/sub-cp015/ses-20210504/level-000run-002,128,127.99,310.21,100,128,127.99,310.21,100,128,127.98,310.18,100,n/a,n/a,n/a,n/a,128,127.98,310.11,100,250,252.81,309.83,100,4,5.49,309.84,100,task-rest,sub-cp015,ses-20210504,level-000run-002
441,/task-rest/sub-cp016/ses-20210528/level-000run-001,128,127.99,287.34,100,128,127.99,287.34,100,128,127.98,287.46,100,n/a,n/a,n/a,n/a,128,127.97,287.62,100,250,251.36,287.46,100,4,5.99,287.43,100,task-rest,sub-cp016,ses-20210528,level-000run-001
442,/task-rest/sub-cp016/ses-20210528/level-000run-002,128,127.14,294.29,100,128,127.14,294.29,100,128,127.98,295.5,100,n/a,n/a,n/a,n/a,128,127.99,295.31,100,250,253.46,295.84,100,4,5.57,48.26,100,task-rest,sub-cp016,ses-20210528,level-000run-002
443,/task-rest/sub-cp017/ses-20210521/level-000run-001,128,127.69,313.03,100,128,127.69,313.03,100,128,128.03,312.46,100,n/a,n/a,n/a,n/a,128,127.68,312.68,100,250,252.09,313,100,4,6.42,312.37,100,task-rest,sub-cp017,ses-20210521,level-000run-001
444,/task-rest/sub-cp017/ses-20210521/level-000run-002,128,127.81,303.55,100,128,127.81,303.55,100,128,128.05,303.89,99.8,n/a,n/a,n/a,n/a,128,107.64,8.92,0,250,251.79,303.51,100,4,5.87,303.5,99.94,task-rest,sub-cp017,ses-20210521,level-000run-002
445,/task-rest/sub-cp018/ses-20210709/level-000run-001,128,127.92,304.77,100,128,127.92,304.77,100,128,77.72,246.56,0.16,n/a,n/a,n/a,n/a,128,108.03,288.28,3.89,250,252.33,304.5,100,4,7.27,304.46,100,task-rest,sub-cp018,ses-20210709,level-000run-001
446,/task-rest/sub-cp018/ses-20210709/level-000run-002,128,127.98,335.96,100,128,127.98,335.96,100,128,127.99,335.98,100,n/a,n/a,n/a,n/a,128,127.99,335.95,100,250,251.59,336.08,100,4,5.27,335.82,99.77,task-rest,sub-cp018,ses-20210709,level-000run-002
447,/task-rest/sub-cp019/ses-20210625/level-000run-001,128,127.66,332.64,100,128,127.66,332.64,100,128,127.94,332.83,100,n/a,n/a,n/a,n/a,128,128.09,238.48,99.87,250,252.39,332.49,100,4,5.86,332.34,100,task-rest,sub-cp019,ses-20210625,level-000run-001
448,/task-rest/sub-cp019/ses-20210625/level-000run-002,128,127.68,333.12,100,128,127.68,333.12,100,128,127.97,333.2,100,n/a,n/a,n/a,n/a,128,106.89,336.84,0.22,250,253.26,332.77,100,4,6.15,332.96,100,task-rest,sub-cp019,ses-20210625,level-000run-002
449,/task-rest/sub-cp020/ses-20210604/level-000run-001,128,128,301.16,100,128,128,301.16,100,128,127.96,300.99,100,n/a,n/a,n/a,n/a,128,127.99,301.11,100,250,251.46,301,100,4,6.04,300.86,100,task-rest,sub-cp020,ses-20210604,level-000run-001
450,/task-rest/sub-cp020/ses-20210604/level-000run-002,128,127.98,302.05,100,128,127.98,302.05,100,128,127.98,302.04,100,n/a,n/a,n/a,n/a,128,127.96,302.32,100,250,251.46,268.91,100,4,6.37,101.48,99.84,task-rest,sub-cp020,ses-20210604,level-000run-002
451,/task-rest/sub-cp022/ses-20210621/level-000run-001,128,127.67,397,100,128,127.67,397,100,128,127.98,397.07,100,n/a,n/a,n/a,n/a,128,127.56,397.36,100,250,252.34,397.2,100,4,6.44,396.99,100,task-rest,sub-cp022,ses-20210621,level-000run-001
452,/task-rest/sub-cp022/ses-20210621/level-000run-002,128,127.5,320.77,100,128,127.5,320.77,100,128,127.97,320.34,100,n/a,n/a,n/a,n/a,128,127.7,320.52,100,250,252.32,320.63,100,4,5.17,320.31,99.88,task-rest,sub-cp022,ses-20210621,level-000run-002
453,/task-rest/sub-cp023/ses-20210628/level-000run-001,128,127.99,307.66,100,128,127.99,307.66,100,128,127.98,307.71,100,n/a,n/a,n/a,n/a,128,127.65,307.71,100,250,253.08,307.31,100,4,6.41,307.45,100,task-rest,sub-cp023,ses-20210628,level-000run-001
454,/task-rest/sub-cp023/ses-20210628/level-000run-002,128,128.01,307.48,100,128,128.01,307.48,100,128,127.98,307.72,100,n/a,n/a,n/a,n/a,128,127.68,307.66,100,250,254.76,307.34,100,4,5.73,307.47,99.94,task-rest,sub-cp023,ses-20210628,level-000run-002
455,/task-rest/sub-cp024/ses-20210629/level-000run-001,128,127.98,315,100,128,127.98,315,100,128,128,315.08,100,n/a,n/a,n/a,n/a,128,127.67,315.04,100,250,250.77,313.36,100,4,5.31,314.97,99.82,task-rest,sub-cp024,ses-20210629,level-000run-001
456,/task-rest/sub-cp024/ses-20210629/level-000run-002,128,127.98,301.5,100,128,127.98,301.5,100,128,127.99,301.09,100,n/a,n/a,n/a,n/a,128,127.67,301.62,100,250,251.82,301.86,100,4,6.46,300.95,100,task-rest,sub-cp024,ses-20210629,level-000run-002
457,/task-rest/sub-cp025/ses-20210820/level-000run-001,128,127.98,302.68,100,128,127.98,302.68,100,128,127.97,302.68,100,1024,1024.02,302,100,128,127.99,302.63,100,250,253.15,302.57,100,4,5.47,302.46,100,task-rest,sub-cp025,ses-20210820,level-000run-001
458,/task-rest/sub-cp025/ses-20210820/level-000run-002,128,127.99,300.6,100,128,127.99,300.6,100,128,127.98,300.55,100,1024,1024.02,300,100,128,127.98,300.56,100,250,252.29,300.52,100,4,5.95,300.37,100,task-rest,sub-cp025,ses-20210820,level-000run-002
459,/task-rest/sub-cp026/ses-20210716/level-000run-001,128,127.99,301.48,100,128,127.99,301.48,100,128,127.99,301.67,100,n/a,n/a,n/a,n/a,128,128.03,301.59,100,250,NaN,0,0,4,6.45,301.37,100,task-rest,sub-cp026,ses-20210716,level-000run-001
460,/task-rest/sub-cp026/ses-20210716/level-000run-002,128,127.98,298.63,100,128,127.98,298.63,100,128,128,298.64,100,n/a,n/a,n/a,n/a,128,127.99,298.59,100,250,251.27,298.57,100,4,6.42,103,100,task-rest,sub-cp026,ses-20210716,level-000run-002
461,/task-rest/sub-cp027/ses-20210722/level-000run-001,128,127.68,305.49,100,128,127.68,305.49,100,128,127.99,305.55,100,n/a,n/a,n/a,n/a,128,845.83,287.85,100,250,NaN,0,0,4,5.82,305.43,100,task-rest,sub-cp027,ses-20210722,level-000run-001
462,/task-rest/sub-cp027/ses-20210722/level-000run-002,128,127.64,300.01,100,128,127.64,300.01,100,128,127.99,300.18,100,n/a,n/a,n/a,n/a,128,589.33,279.12,100,250,253.18,299.71,100,4,6.13,299.98,99.78,task-rest,sub-cp027,ses-20210722,level-000run-002
463,/task-rest/sub-cp028/ses-20211214/level-000run-001,128,127.65,461.39,100,128,127.65,461.39,100,128,127.99,461.57,100,1024,1024.01,461.99,100,128,127.68,461.48,100,250,251.77,461.62,100,4,5.2,461.35,99.79,task-rest,sub-cp028,ses-20211214,level-000run-001
464,/task-rest/sub-cp028/ses-20211214/level-000run-002,128,NaN,0,0,128,NaN,0,0,128,127.98,300.74,100,1024,1024.01,301,100,128,127.67,300.68,100,250,252.26,300.58,100,4,6.06,300.47,100,task-rest,sub-cp028,ses-20211214,level-000run-002
465,/task-rest/sub-cp029/ses-20220119/level-000run-001,128,127.67,311.65,100,128,127.67,311.65,100,128,127.97,311.47,100,1024,1024.02,311,100,128,127.65,311.71,100,250,251.74,311.12,100,4,5.86,311.5,99.84,task-rest,sub-cp029,ses-20220119,level-000run-001
466,/task-rest/sub-cp029/ses-20220119/level-000run-002,128,127.69,304.73,100,128,127.69,304.73,100,128,127.98,304.52,100,1024,1024.01,305,100,128,127.68,304.64,100,250,251.94,304.37,100,4,5.54,175.86,99.79,task-rest,sub-cp029,ses-20220119,level-000run-002
467,/task-rest/sub-cp030/ses-20211025/level-000run-001,128,127.64,300.6,100,128,127.64,300.6,100,128,128,300.63,100,n/a,n/a,n/a,n/a,128,127.7,300.56,100,250,252.58,301.02,100,4,6.65,300.91,99.9,task-rest,sub-cp030,ses-20211025,level-000run-001
468,/task-rest/sub-cp030/ses-20211025/level-000run-002,128,127.7,370.46,100,128,127.7,370.46,100,128,128.01,370.73,100,1024,1024.17,369.94,100,128,127.69,370.37,100,250,253.7,370.46,100,4,5.56,370.49,99.9,task-rest,sub-cp030,ses-20211025,level-000run-002
469,/task-rest/sub-cp031/ses-20211216/level-000run-001,128,127.99,305.6,100,128,127.99,305.6,100,128,127.98,305.56,100,1024,1024.01,306,100,128,127.98,305.59,100,250,252.65,305.46,100,4,6.07,305.5,100,task-rest,sub-cp031,ses-20211216,level-000run-001
470,/task-rest/sub-cp031/ses-20211216/level-000run-002,128,127.98,323.13,100,128,127.98,323.13,100,128,128,322.52,100,1024,1024.01,323,100,128,127.98,322.64,100,250,250.93,323.04,100,4,6.55,37.99,100,task-rest,sub-cp031,ses-20211216,level-000run-002
471,/task-rest/sub-cp032/ses-20211105/level-000run-001,128,127.68,334.2,100,128,127.68,334.2,100,128,127.98,334.08,100,1024,1024.02,334.97,100,128,127.68,333.95,100,250,251.68,333.96,100,4,5.88,333.92,99.95,task-rest,sub-cp032,ses-20211105,level-000run-001
472,/task-rest/sub-cp032/ses-20211105/level-000run-002,128,127.68,302.27,100,128,127.68,302.27,100,128,127.98,302.04,100,1024,1024.01,301.99,100,128,127.68,302.02,100,250,251.59,302.01,100,4,6.14,301.89,99.89,task-rest,sub-cp032,ses-20211105,level-000run-002
473,/task-rest/sub-cp033/ses-20211215/level-000run-001,128,127.98,301.62,100,128,127.98,301.62,100,128,127.98,301.67,100,1024,1024.01,301,100,128,127.71,301.43,100,250,252.41,301.49,100,4,5.85,301.35,100,task-rest,sub-cp033,ses-20211215,level-000run-001
474,/task-rest/sub-cp033/ses-20211215/level-000run-002,128,127.99,301.18,100,128,127.99,301.18,100,128,127.98,301.1,100,1024,1024.01,301,100,128,127.69,301.24,100,250,251.8,300.99,100,4,6.06,300.9,100,task-rest,sub-cp033,ses-20211215,level-000run-002
475,/task-rest/sub-cp035/ses-20220125/level-000run-001,128,127.67,301.23,100,128,127.67,301.23,100,128,127.99,300.98,100,1024,1024.02,302,100,128,127.68,301.05,100,250,252.41,301.43,100,4,6.82,301.42,100,task-rest,sub-cp035,ses-20220125,level-000run-001
476,/task-rest/sub-cp035/ses-20220125/level-000run-002,128,127.68,322.9,100,128,127.68,322.9,100,128,127.99,322.98,100,1024,1024.03,323.99,100,128,127.67,323.18,100,250,251.88,321.49,100,4,6.61,322.88,99.95,task-rest,sub-cp035,ses-20220125,level-000run-002
477,/task-rest/sub-cp036/ses-20211218/level-000run-001,128,127.67,310.13,100,128,127.67,310.13,100,128,127.99,310.22,100,1024,1024,310.01,100,128,127.67,310.24,100,250,252.48,310,100,4,6.08,309.91,100,task-rest,sub-cp036,ses-20211218,level-000run-001
478,/task-rest/sub-cp037/ses-20210113/level-000run-001,128,127.61,300.77,100,128,127.61,300.77,100,128,128.07,300.49,100,1024,1024.02,300,100,128,127.68,300.53,100,250,253.39,300.5,100,4,5.9,300.38,100,task-rest,sub-cp037,ses-20210113,level-000run-001
479,/task-rest/sub-cp037/ses-20210113/level-000run-002,128,127.68,300.03,100,128,127.68,300.03,100,128,127.97,299.98,100,1024,1024.02,300,100,128,127.68,300.19,100,250,253.29,299.98,100,4,5.81,299.97,100,task-rest,sub-cp037,ses-20210113,level-000run-002
480,/task-rest/sub-cp038/ses-20220112/level-000run-001,128,127.99,327.22,100,128,127.99,327.22,100,128,127.99,327.18,100,1024,1024.02,325.99,100,128,127.98,327.05,100,250,252.52,326.99,100,4,6.01,326.98,99.95,task-rest,sub-cp038,ses-20220112,level-000run-001
481,/task-rest/sub-cp038/ses-20220112/level-000run-002,128,127.98,316.56,100,128,127.98,316.56,100,128,127.98,316.66,100,1024,1024.02,317.01,100,128,127.98,316.6,100,250,252.65,316.98,100,4,6.34,316.39,100,task-rest,sub-cp038,ses-20220112,level-000run-002
482,/task-rest/sub-cp039/ses-20211219/level-000run-001,128,127.67,277.52,100,128,127.67,277.52,100,128,127.96,278.15,100,1024,1024.01,278,100,128,127.67,277.54,100,250,253.16,278.12,100,4,6.5,277.49,99.83,task-rest,sub-cp039,ses-20211219,level-000run-001
483,/task-rest/sub-cp039/ses-20211219/level-000run-002,128,127.65,304.66,100,128,127.65,304.66,100,128,127.98,304.67,100,1024,1024.03,304.99,100,128,127.67,304.31,100,250,252.89,302.58,100,4,6.62,304.44,99.95,task-rest,sub-cp039,ses-20211219,level-000run-002
484,/task-rest/sub-cp042/ses-20220111/level-000run-001,128,NaN,0,0,128,NaN,0,0,128,127.98,367.13,100,1024,1024.01,367,100,128,127.98,367.17,100,250,253.14,366.98,100,4,6.63,366.9,99.92,task-rest,sub-cp042,ses-20220111,level-000run-001
485,/task-rest/sub-cp042/ses-20220111/level-000run-002,128,127.99,302.58,100,128,127.99,302.58,100,128,128.01,302.5,100,1024,1024.01,302,100,128,127.98,302.57,100,250,252.13,302.53,100,4,6.74,302.42,99.95,task-rest,sub-cp042,ses-20220111,level-000run-002
486,/task-rest/sub-cp043/ses-20220127/level-000run-001,128,127.68,331.62,100,128,127.68,331.62,100,128,127.98,331.67,100,1024,1024.02,332,100,128,127.67,331.51,100,250,251.38,331.51,100,4,6.55,331.39,100,task-rest,sub-cp043,ses-20220127,level-000run-001
487,/task-rest/sub-cp043/ses-20220127/level-000run-002,128,127.67,393.1,100,128,127.67,393.1,100,128,127.98,392.59,100,1024,1024.02,394,100,128,127.68,393.07,100,250,251.76,393.02,100,4,6.02,392.92,100,task-rest,sub-cp043,ses-20220127,level-000run-002
